Mkt-RF.x,SMB.x,HML.x,RMW.x,CMA.x,Mom,RF.x,Mkt-RF.y,SMB.y,HML.y,RMW.y,CMA.y,WML,RF.y
1.0,1.0,1.0,1.0,1.0,1.0,1.0,1.0,1.0,1.0,1.0,1.0,1.0,1.0
1.0615653556581548,0.9993998199279676,0.9684061284088213,1.0080673710777588,0.951439809384623,0.9423708871633636,1.0056838164682977,0.9162922509265148,1.0138042809763972,1.0217614917815128,1.0175451792157488,0.9820396746230071,1.0081665626663934,1.0056838164682977
1.0858676481811196,1.0058787860256766,0.9526831679435852,1.0367520049376677,0.9308288554804987,0.9439696085270607,1.0116658881458451,0.9206825992278077,0.9905356540370428,1.0016608200745099,1.0307575106878837,0.9915938874278188,0.9708799778803768,1.0116658881458451
1.1317010645242918,1.0440412471200256,0.9341117823581498,1.0514435536806572,0.8889646513817997,0.8766539012421937,1.0168524148331453,0.9345855043967991,0.943024671365991,1.0043571816222523,1.0428836904857244,0.9850726704375534,0.9620410292131724,1.0168524148331453
1.2011338392396285,1.0825886567322642,0.928697149656651,1.0485393405332675,0.8871630294351716,0.828303640301147,1.0216409315649424,1.0302592544650815,0.9637092625588236,1.0083492028917898,1.0274654377573438,0.9864716913512608,0.8525609285943514,1.0216409315649424
1.2272887967164796,1.1202697236999528,0.9162196281455384,1.044832478601941,0.8770116783787962,0.8560160788676827,1.0260312798662352,0.9816990638497045,0.9861554513886536,1.0064473956021935,1.038899815383007,0.9772291099843282,0.8611241592548391,1.0260312798662352
1.2244848693837453,1.1237636129542086,0.9301225333145299,1.05121208556598,0.8839872921152213,0.8317233862986382,1.0313172842954728,0.9912532766545162,0.9848546056556056,1.004745948962436,1.0438873568940459,0.9804240008808476,0.8680997729912643,1.0313172842954728
1.2602380390895633,1.1254621695897902,0.9245067945288941,1.072679992181221,0.8590796564090366,0.8307228859650546,1.0360062737816043,0.9828177978334147,0.9712626521361386,1.0077414579422344,1.047082247790565,0.9894828453691937,0.8791386201064808,1.0360062737816043
1.2095761242873353,1.126961045713526,0.9365341747416125,1.0884549112965831,0.865359894366187,0.8353123382988619,1.0401974784000723,0.9132533344475056,0.9908691817750569,1.0200652076310661,1.0552488104569584,0.9897828003781917,0.8979603743470684,1.0401974784000723
1.2511018711158335,1.1173146686617206,0.9237528403768794,1.1030479135994833,0.8511595449650455,0.8776052504891132,1.0450855124728482,0.9431033564163909,0.9700540420611369,1.0276364731273844,1.069743256607411,0.9886821949341587,0.924017908666358,1.0450855124728482
1.2740368423983295,1.1320062174047103,0.9158214700505991,1.11230493486216,0.8456443642769355,0.8936754306666077,1.0496749648066552,0.9092362869048135,0.9714530629748444,1.028036393148711,1.0889574755312155,0.9813554195476978,0.966790000510227,1.0496749648066552
1.2580090813211324,1.1473873194430126,0.9059731339957847,1.0943446094851672,0.8471432404006715,0.9108274894841734,1.0542644171404625,0.9631561288942438,0.9683482480213655,1.0256335085324009,1.0886574305222134,0.9831538014890772,0.9705827987489233,1.0542644171404625
1.2708265850317466,1.1563470608144846,0.9015634255070847,1.0752637216723753,0.8440384254471927,0.9425199362166631,1.0584556217589307,0.9771576485300575,0.9573884077850235,1.0026718968950539,1.0740512781328513,0.987046216204421,0.9917570339803299,1.0584556217589307
1.2280234627064373,1.14750811214728,0.8822786640952176,1.0842234630438472,0.8453375811788129,0.9550412167703347,1.0623480364742746,0.919846281816944,0.9725725431100636,0.996855011573489,1.0807289328860918,0.9835400768751335,1.0098916041758126,1.0623480364742746
1.3308507725059076,1.1233178733460625,0.8410399160786199,1.1217119074548387,0.813537268629015,1.0345914955283437,1.0661408347129706,0.9576236461509738,0.95756042298956,0.9887220283433,1.0836247359981173,0.9811371922588231,1.0197429202261867,1.0661408347129706
1.32493329874187,1.2117865213336707,0.8850568014953942,1.1082213172723396,0.8449390317685466,1.009581332524176,1.0695350677809863,0.9270613405683339,0.9732369023745676,1.0069547966043597,1.0978234553979302,0.9844317592082532,1.0265199045052105,1.0695350677809863
1.3357743219197449,1.2254921683897826,0.946716181882122,1.110917678820082,0.865035733467669,1.0036638587601383,1.0723311550829875,0.8892556258324351,1.0028927872820783,1.0106479684419774,1.1106409591085444,0.9967555088970851,1.0465185910118995,1.0723311550829875
1.3089168677498622,1.2164514237376336,0.9826623086555911,1.109616833087034,0.8842499523914734,1.0000573631660266,1.0757253881510032,0.8132381394085191,1.0272926741056134,1.0267181486194716,1.125135405258997,0.9956549034530521,1.0633757080783224,1.0757253881510032
1.3196589642817642,1.157338159245127,1.0245717117328008,1.1268671864935618,0.9062071197435155,0.9737133878264247,1.0789202790475225,0.8018738093294694,1.0369459311337517,1.0566652249874238,1.1697262885868722,1.0075834743183258,1.0865061254671768,1.0789202790475225
1.3226544732615624,1.159435957327273,1.0371917430889028,1.11651377441407,0.9103983243619835,0.9748127832697258,1.0817163663495237,0.865974734735993,1.0395425569810177,1.0593615865351664,1.1556273642073707,1.0162458473969784,1.0805886517031391,1.0817163663495237
1.2989763459069854,1.131961980326518,1.0707232262976953,1.1159135943420377,0.9210414844604633,0.9687947109441627,1.0849112572460429,0.8185686123387226,1.062282043950507,1.0637519348364592,1.1690370511172883,1.017644868310686,1.1332759739821456,1.0849112572460429
1.3359830715360812,1.1255414125235952,1.0654091314739265,1.1281385639646067,0.9129085012302743,0.9829934303439757,1.0880064621533454,0.7833558565829781,1.0398319151129152,1.0503626977174432,1.1695369261589392,1.0301661488643576,1.137267995251683,1.0880064621533454
1.311895276006991,1.1213325677495405,1.0549546735700677,1.1648561468997696,0.8969823506800151,0.9776793355202069,1.0906030880006115,0.840208668175761,0.9882227813796849,1.0179428064613318,1.1491301163812766,1.0437731522705747,1.0887078046363061,1.0906030880006115
1.3237250277605683,1.1264196067980978,1.0528524654781974,1.1818115875491828,0.8908636696718379,0.9918780549200198,1.0931997138478773,0.8094401345041244,0.9849173243709584,1.0081954550064518,1.1479293958047578,1.0489596789578748,1.112228999677652,1.0931997138478773
1.3338733588123834,1.1467123100658603,1.0316288290265707,1.1954185909553998,0.8820247210046335,1.0186173521096413,1.0954970728965607,0.7508571770718266,0.9700067116352041,1.019333199416908,1.1447242648558096,1.0327286658474575,1.1230700228555268,1.0954970728965607
1.3743432913660967,1.185067263942324,1.0167182162908164,1.1883939760184352,0.8646750826695205,1.0153118951009148,1.0977944319452442,0.7531545361205101,0.9438680540255093,1.0071593984851992,1.1438238596126453,1.044756046060176,1.1174542840698911,1.0977944319452442
1.3895274266911366,1.2012358451039078,1.0415083850980351,1.1826776690223262,0.8727424537472793,1.0588501971153983,1.1005905192472454,0.7553521196639973,0.9558954342382278,1.0048567494225236,1.1635284428869808,1.0491463943614687,1.115452281399218,1.1005905192472454
1.3987844479538136,1.2219204362967404,1.098739018552307,1.165938345018028,0.9013299105991918,1.1060200015917883,1.1028878782959288,0.7544517144208331,0.9692064482979003,1.0201393729536805,1.1614262347951105,1.0546313245920385,1.12232858533865,1.1028878782959288
1.4000836036854336,1.1866040911691729,1.1609623617324387,1.1609258031944838,0.9413195588153502,1.136549206626611,1.105085461839416,0.7859503814802041,0.9749896930536276,1.0272142866256424,1.154905017804845,1.0537309193488744,1.116310513013087,1.105085461839416
1.4228230906549229,1.1872039112411403,1.1732861114212707,1.157820988241005,0.9499819318940028,1.1732667895617739,1.107582342038003,0.8813514662434572,0.9755895131255952,1.040525300685315,1.1622777721342583,1.0728470365411045,1.0910952638720233,1.107582342038003
1.3918482863554924,1.178667580218854,1.1990513193072971,1.1216755416046518,0.9640820562727844,1.1765613565112039,1.1099794666377245,0.9709179096025001,0.984152743786083,1.0643394787845697,1.141666818230134,1.095488767021929,1.0795286275005578,1.1099794666377245
1.4202413608567102,1.1972930443420189,1.1643563495104101,1.1214755216019847,0.954031720419283,1.1794571596232295,1.1121770501812118,1.0032882896329507,1.0388303050767786,1.058522593463005,1.1137816147405983,1.1072196898976276,1.0869013818299709,1.1121770501812118
1.423336565764013,1.1982925446751023,1.1901215573964365,1.1121320065988323,0.9657626432949816,1.2242393023951226,1.114673930379799,0.9672465182856852,1.030596500149675,1.0491790784598525,1.1024172846615485,1.1183574343080838,1.1098363531124669,1.114673930379799
1.4199307726291799,1.207252286046574,1.2221046032494873,1.090295311989658,0.9857613298016707,1.2561254912574444,1.1170710549795204,1.005793927897924,0.997453281556421,1.0561546921962777,1.1029171597031995,1.1348211603387488,1.1206773762903417,1.1170710549795204
1.4564555473115521,1.2097491662451612,1.2175944477716014,1.079133247283466,0.9852612047599886,1.2815982872304754,1.1195679351781076,1.0527729290919188,1.0099745621100926,1.0719296113116399,1.101916659369616,1.128903686574711,1.1106270404368404,1.1195679351781076
1.4552548267350334,1.239890323157148,1.2131847392829014,1.0859102315624896,0.9844608845892194,1.3151297704392677,1.1221645610253734,1.021591811608344,1.024370442393825,1.0748254144236653,1.1190687181871817,1.1109433611977184,1.09986938378388,1.1221645610253734
1.4692563463708468,1.2557636723134382,1.1975633583799445,1.0854101065208075,0.9904429562667669,1.2880668508895787,1.1243621445688607,1.0310469703790992,1.009764290004463,1.0787178291390092,1.1215655983857689,1.1042208154368915,1.1095226408120185,1.1243621445688607
1.4501754585580549,1.2414618876025785,1.1948597068056297,1.102660459927335,0.9808975434232354,1.2398215382615843,1.1268590247674477,0.9355267685216868,1.046289064686835,1.0832077344118611,1.1361586006886688,1.0704571852840823,1.0665107502187274,1.1268590247674477
1.4665408126443191,1.2550688910087955,1.2005435232739274,1.1107278310050939,0.9777927284697567,1.2624632687424087,1.1291563838161314,0.9913398333408995,1.0471886599296711,1.1112119308214585,1.1190124418536984,1.069456684950499,1.0758668451427524,1.1291563838161314
1.4948366817991663,1.2534676096418216,1.2211301568823156,1.0873568446818536,0.992188608753489,1.262563263742742,1.1316532640147186,1.0883757958524938,1.0517781122634784,1.1499517591373891,1.087728151813932,1.1173893387058016,1.0971389804182923,1.1316532640147186
1.4689032997726619,1.2796225671186727,1.206625470679434,1.112439625049317,0.9818351966739974,1.2596590505953522,1.1337510620968645,1.0848696565232063,1.062223370125017,1.1623742791359464,1.0917201730834694,1.1352292568341327,1.1102526195636755,1.1337510620968645
1.4199231175509435,1.2693701906543216,1.2197391098248171,1.118620484124398,0.9944552280300997,1.2463711562684168,1.1364474236446072,1.0531725697799517,1.0790804871914397,1.179821192739667,1.0958117909867229,1.13662827774784,1.0953420068279212,1.1364474236446072
1.426700101829967,1.2587136104657926,1.2363995507179244,1.1274811125565944,1.0057907376938453,1.2504627741716705,1.1391437851923496,1.0852524632433633,1.0829729019067835,1.189177287663692,1.0839416184162354,1.15122128005074,1.0859984918247687,1.1391437851923496
1.4324833465856943,1.2338059747596077,1.2382977480010047,1.1365399570449406,1.0128656513658074,1.2287282820256644,1.1422389900996521,1.0779256878569026,1.0756461265203228,1.2020935129302384,1.0716665875406228,1.1694540483117999,1.08769704846035,1.142338676088869
1.401714812914058,1.2285924077067203,1.2549581888941117,1.1469852149064792,1.0278527811740557,1.2203936452356068,1.1453341950069547,1.0961584561179623,1.0667062849508484,1.2096647784265564,1.0726660878737062,1.1838499285955322,1.0918882530788183,1.1454338809961715
1.429524513553325,1.210122891423059,1.2609402605716593,1.138247148963194,1.0291519369056756,1.222291842518687,1.1481302823089559,1.0980566534010425,1.070797902854102,1.2185254068587528,1.0828144189255213,1.1740015925407177,1.0813327391393017,1.1482299682981727
1.4688413759302756,1.2224466411118908,1.232335003561325,1.1433341880117511,1.0147487065949319,1.237574466049844,1.1518234541465735,1.1086998134995223,1.0612524900105706,1.2098882134630893,1.0993765072244996,1.1676816637958984,1.0821324193098658,1.1519231401357901
1.4454703896070353,1.2486015985887422,1.2130502421494578,1.147824093284603,1.0243029193997437,1.250688105195227,1.1555166259841911,1.0767962644865139,1.0744648214827055,1.213581385300707,1.101773631824221,1.1656796611252254,1.0912903570946315,1.1556163119734078
1.4587814036667077,1.224923471234165,1.1954970829018685,1.1509192981919056,1.018083619585827,1.2647882295740087,1.1593094242228874,1.1015864332937326,1.0566063031813924,1.2199609922647459,1.0998718245346248,1.1772128969388984,1.1029224413243393,1.159409110212104
1.4175426556501103,1.2261227518096471,1.1859516700583372,1.1584905636882237,1.0135734641079408,1.2627862269033356,1.163002596060505,1.0413055024088027,1.0494809782388037,1.226042462580614,1.1042621728359177,1.181304514842152,1.0967031415104225,1.1631022820497217
1.426105886310598,1.225822706800645,1.1912376744875748,1.1613863668002493,1.0167683550044602,1.297187653620668,1.1673929443617979,1.048281116145228,1.045272133464749,1.220225577259049,1.0990486057830302,1.1922444548804862,1.1036787552468477,1.1674926303510145
1.443945804438929,1.1981431376939027,1.1993050455653336,1.1698504452123786,1.0083328761833585,1.278819996262483,1.1715841489802659,1.0006652622035646,1.0614407146263327,1.221724453382785,1.1051300760988982,1.190142246788616,1.0869394312425495,1.1716838349694827
1.4796024816469637,1.1924268306977936,1.2096513376194777,1.1753353754429483,1.0051277452344103,1.2753138569331954,1.1755761702498033,0.98798520904619,1.0700039452868204,1.227805923698653,1.1144861710229232,1.1767530096696,1.095105993908943,1.1756758562390202
1.5011682595615243,1.1846970326358524,1.1989947574309487,1.168814158452683,1.0069261271757897,1.2789073924433256,1.1801656225836106,1.0419050510356205,1.03902914098739,1.211371617235228,1.1389836426233106,1.1753520287539718,1.0884841176000561,1.1802653085728272
1.5220487371408793,1.1802873241471523,1.2212453663657685,1.162997273131118,1.0170744582276048,1.2970419626388083,1.1845559708849034,1.0709782985213276,1.0207633321804974,1.2042462922926394,1.1296401276201582,1.180538555441272,1.0974438589715279,1.1847552138456794
1.550636193992792,1.1597784475156119,1.2379058072588758,1.1700721868030801,1.0179740534704407,1.2926322541501083,1.1899414431612412,1.0506735451809632,1.0313075460561685,1.205944848928221,1.1374098648845188,1.161355736024498,1.1061062320501804,1.1901406861220172
1.5774728479463516,1.188851695001319,1.2149441956215288,1.1643558798069709,0.9933739366022081,1.3211225245497358,1.1946304326473727,1.0332221515672073,1.0404654838409342,1.2132183328947195,1.1613216849308317,1.1379847497012578,1.1254185430825534,1.1948296756081487
1.613997622628724,1.2098301013865107,1.1978997610122701,1.1707354867710098,0.9763295019929495,1.346205304917199,1.1991203379202247,1.080201152761202,1.0307181323860541,1.195156190076311,1.146309564810328,1.1461513123676512,1.1153682072290518,1.1993195808810007
1.6194825528592935,1.2279646715819934,1.22473641496583,1.157143533251543,0.9925964744568215,1.347104900160035,1.2038093274063562,1.0465409512685668,1.0542393274274,1.1796363784182742,1.1590283372181027,1.151536784643989,1.1090482784842326,1.2040085703671322
1.6524336529989796,1.2087818521652194,1.2171073878013388,1.1695660532501,0.9961900099669517,1.3738441973496565,1.2081001088235124,1.051727477955867,1.0459046906373424,1.168170900308996,1.175983777867516,1.1361185319156084,1.1449944052577017,1.2082993517842884
1.6371169488870865,1.1672304250069843,1.2095791213805474,1.188878364282473,0.9956898849252694,1.4142180914879297,1.2127890983096439,1.0284588510165127,1.0459046906373424,1.1680708953086627,1.1791786687640353,1.130201058151571,1.1700771856251648,1.2129883412704199
1.6759529726722846,1.155360252436497,1.2190342801513026,1.1804428854613713,1.007321969154977,1.4077975236850069,1.2169803029281119,1.0456109098340782,1.0285550523022293,1.1640628739111238,1.1511906322238665,1.1568429890979919,1.1804234776793092,1.2171795458888879
1.6862002891238341,1.162335866172922,1.2275975108117902,1.1698873715218547,1.0365894668355453,1.4327827763789156,1.2218683370008878,1.0748784075146465,1.0290549273438805,1.1763866235999558,1.1325173669582453,1.1650095517643853,1.1554133146751413,1.2220675799616638
1.7085486927875957,1.1368129089418362,1.2307924017083096,1.1676849479666547,1.058840075770365,1.4384665928472131,1.226159118418044,1.077574769062389,1.0467966088200376,1.1890066549560578,1.1367085715767133,1.1597959847114978,1.14536297882164,1.22635836137882
1.7217610242597305,1.1544563441144313,1.216287715505428,1.1697827460488008,1.0407779329519564,1.4442498376029407,1.2300515331333879,1.0785742693954725,1.0583298446337106,1.1885065299143758,1.158470063358226,1.1438698341612386,1.1512456419797954,1.230250776094164
1.729034508226229,1.1694434739226796,1.226139031555802,1.1811182557125464,1.031131555900151,1.4252708710051378,1.2339439478487317,1.0933643548681078,1.0553253356134118,1.1839963744364896,1.145891281151366,1.1567860594277848,1.1656415222635277,1.2341431908095077
1.749425197873963,1.2147036053275442,1.1863581615439576,1.1818180108268197,1.009192648381397,1.4161292130878544,1.238533400182539,1.1252505437304294,1.0746376466457848,1.1852955301681098,1.1384637653225695,1.1698009965052796,1.1667409177068289,1.238732643143315
1.77275102317746,1.2455237476674306,1.1741843606122488,1.1844146366740858,1.0070904402895269,1.4316087839362408,1.242724604801007,1.1116585902109626,1.0924775647741158,1.1870939121094892,1.150095849552277,1.157525965629667,1.1808410420856104,1.242923847761783
1.7612855450681817,1.210207402539863,1.1895654626505512,1.2180428176540696,1.0179314634674017,1.441559114789409,1.2467166260705445,1.1094561666557625,1.0808097599064337,1.2015883582599418,1.165181486970318,1.1588251213612872,1.1850322467040786,1.2469158690313205
1.6997292393690762,1.1734396783476484,1.232816504644866,1.249832140143477,1.0436966713534281,1.44035839421289,1.2512065313433967,1.0732070339806414,1.0778052508861349,1.2148006897320767,1.1806610578187045,1.152807049035724,1.1594066990651057,1.2514057743041724
1.7269552256226675,1.1983273938554273,1.2285072330567677,1.2449200957824564,1.0190965544851953,1.4397582141408574,1.25529814924665,1.0698012408458086,1.0878545867391365,1.2039419463972008,1.1871400239164136,1.1419483057008482,1.1809724769796663,1.255497392207426
1.7759358478442895,1.1849381567364112,1.1967069205069698,1.2581324272545913,0.9971576469664415,1.4663027693629698,1.259688497547943,1.0882303763141759,1.0583227841330984,1.2052411021288207,1.1920280579891895,1.142348225722175,1.1951711963794793,1.2598877405087188
1.7844990785047772,1.145365381616588,1.246449012401784,1.2720353324235827,1.0264251446470096,1.5047539557372223,1.263879702166411,1.071796069850751,1.077733177652922,1.2083363070361233,1.20947497159291,1.1383402043246362,1.2161496027646712,1.2640789451271868
1.8451237003212122,1.1066245533001575,1.2584763926145024,1.2888924494900056,1.0190983692605486,1.4823038268996305,1.2679713200696645,1.1006750294011278,1.0574284243125576,1.2209563383922255,1.2170462370892283,1.133327662501092,1.2304469074654956,1.2681705630304405
1.8279775414862416,1.1381232203595286,1.26703962327499,1.2926852477287019,1.0341840066785897,1.4883852972154985,1.2725607724034718,1.0813902679892606,1.0555266170229614,1.233082518190066,1.247090358437605,1.1198370723185929,1.2457295309966525,1.2727600153642475
1.8766724630250002,1.1197555630013436,1.250401982121967,1.3031305055902405,1.0314803551042748,1.5076976082478715,1.2770506776763237,1.0405682734690056,1.08031678583018,1.2512170883855487,1.2710021784839178,1.1121072742566516,1.270714783690561,1.2772499206370997
1.8717604186639796,1.0940274144286124,1.3009049642950736,1.3084165100194778,1.065108536084259,1.4870866543437469,1.2809430923916676,1.0493297791375782,1.0811164660007442,1.2491148802936785,1.2604466645444012,1.1099048507014515,1.2732116638891482,1.2811423353524436
1.8201512849307493,1.0896177059399124,1.338008052246576,1.3168805884316073,1.081572262114924,1.4966408671485587,1.2852338738088238,1.0396834020857728,1.0679299041965686,1.2659719973601014,1.2805433662435235,1.1193600094722067,1.285337843686989,1.2854331167695998
1.8597565395231088,1.0305044414474056,1.3373078071321824,1.3454680452835197,1.0724306041976406,1.5446688361591403,1.28952465522598,1.0406829024188562,1.044865964598017,1.2651716771893322,1.2939530531534413,1.12005976458648,1.321476890302862,1.289723898186756
1.924982324440816,1.0758601431682029,1.2974228734332676,1.3340025671742417,1.0428988015916028,1.4916899113682536,1.294412689298756,1.1123521891092158,1.0354215057700173,1.2597570444878334,1.2852149872101561,1.119859744583813,1.3138478631383708,1.294611932259532
1.9651641140736478,1.0881838928570349,1.309450253645986,1.339785811929969,1.0482842738679405,1.5175525708939808,1.2981058611363736,1.1516690514861663,1.0020715260884632,1.2661366514518724,1.2852149872101561,1.1353393154321993,1.310943649990981,1.2983051040971496
2.0359021285789893,1.0592698826923925,1.3179143320581155,1.3357777905324302,1.022658726228968,1.5549446901110437,1.3023966425535298,1.1582473668462887,0.9531963583063265,1.2638340023891967,1.309810034065536,1.1105341965132283,1.3877194887930306,1.3025958855143056
1.9935164120825515,1.1330778098371124,1.3315213354643325,1.3266361326151468,1.0222586462076282,1.5291139300765222,1.3064882604567833,1.0863216272746998,0.9935702524445997,1.2637339973888635,1.3048979897045156,1.1311208301216165,1.3962827194535183,1.3066875034175593
2.0456343663446583,1.1583556170213811,1.3316213304646656,1.312638622971293,1.0132179015554792,1.5434112347773463,1.3108786087580762,1.1316773289954971,0.9374230918215987,1.2488233846531092,1.3351361727651254,1.1094885299945028,1.4703692628062166,1.3110778517188522
2.006893538028228,1.1535440600241589,1.35083554938847,1.3247648027691337,1.0318433656786439,1.5395036099463293,1.3150698133765442,1.056091342038902,0.9654272882311961,1.261344665206781,1.3574845764288872,1.1259522560251678,1.4434090812234335,1.3152690563373202
2.036258146658132,1.1019349262909288,1.3585060556926898,1.3561665659086652,1.0484054539776222,1.542499118926128,1.318962228091888,1.0326179858532598,0.91434449800188,1.2422637773939889,1.3831523231774652,1.1081955344359087,1.4881912239953268,1.319161471052664
2.049371785803515,1.0819362797842387,1.3924242738961505,1.3695762528185829,1.0672272082182097,1.5814313289279154,1.3237507448236854,1.0249889586887686,0.8757076143869618,1.2402617747233158,1.3976467693279175,1.0924725739706724,1.549944620270809,1.3239499877844612
2.0508706619272505,1.0677359303830973,1.3780210435854068,1.3752600692868806,1.0585900148225462,1.5824308292609988,1.3280415262408414,1.0628626111168502,0.8762074894286127,1.2509049348217955,1.3806023347186591,1.1191145049170936,1.4998085507770118,1.3282407692016174
2.1188096449354434,1.0673358503617576,1.3765199174591396,1.3657146564433493,1.0338874021821745,1.571066499181949,1.3319339409561852,1.1212258544137652,0.88079694176242,1.2684501140375444,1.3640663660785597,1.1207132262807906,1.4791975968728874,1.3321331839169612
2.1653114785868635,1.0612171693535806,1.3867672339106891,1.3592940886404266,1.0290758451849524,1.5923386344574886,1.335826355671529,1.1492300508233624,0.8830943008111034,1.299367216672266,1.3858278578600722,1.1174077692720643,1.524935488546741,1.336025598632305
2.172584962553362,1.0610171493509135,1.3945369711750497,1.3371507239547369,1.0268734216297524,1.6000091407617085,1.3401171370886855,1.154714981053932,0.8877832902972349,1.2914358463459858,1.4071978835962649,1.0981230078601971,1.537259238235573,1.3403163800494613
2.141403845069787,1.0294232777597347,1.4351989528939395,1.3461104653262086,1.0519562019972155,1.6185364453755922,1.344109158358223,1.150807356222915,0.8941628972612738,1.3049441963707782,1.4208048870024816,1.0917024400572743,1.5559828522336754,1.3443084013189988
2.1727086948981995,0.9924480416348395,1.4115208255393625,1.3443088433795802,1.0225273913064035,1.6888084983609237,1.3482007762614765,1.1428759858966349,0.8631880929618434,1.2978188714281895,1.4356934994962323,1.0868908830600523,1.5734297658373961,1.3484000192222525
2.147801059192015,0.9380974468847582,1.401672489484548,1.3642095050859164,1.0271168436402105,1.7249475449767968,1.352192797531014,1.1439753813399358,0.8353028894723077,1.296818371094606,1.4475232512498095,1.0563285774774123,1.6222199300068283,1.35239204049179
1.9724948372919655,0.8864883131515279,1.4350105490950584,1.3957081721452875,1.0839696552329934,1.7437692992173845,1.3564835789481702,1.0155736665354116,0.8423778031442697,1.2805873579841887,1.4675219377564988,1.0856931861073162,1.627903746475126,1.356682821908946
2.0321778394531393,0.8776493644843235,1.4018673305018043,1.3750972182411632,1.0544378526269556,1.7366439742747959,1.3610730312819774,0.9796355597297826,0.8537133128080154,1.254140707969205,1.462609893395478,1.115349071014827,1.5903057160598075,1.3612722742427534
2.1010507037395145,0.8419185545285246,1.3796217215544844,1.3824699725705765,1.057333655738981,1.6815540079568359,1.3642679221784966,1.0687447348015584,0.8154920999878177,1.2849608503090915,1.4368817448227467,1.115049026005825,1.561082857382904,1.3644671651392726
2.1602625633713606,0.8482981614925635,1.3478214090046867,1.3719144586310597,1.045868177629703,1.693087243770509,1.3673631270857993,1.1085422046756244,0.8094740276622546,1.2974821308627633,1.4293534784019553,1.0914732894771193,1.5510325215294027,1.367562370046575
2.220039767407221,0.8328799087641829,1.3023008937028773,1.3622680815792543,1.0117941972959514,1.7798152472803332,1.3711559253244954,1.1331372515310045,0.7924295930529961,1.2740087746771211,1.4519952088827799,1.086460747653575,1.6064672284175034,1.3713551682852714
2.2544411941245537,0.8251501107022416,1.2611663503443222,1.3352051620295653,0.9405129952909879,1.8098593686287097,1.3746498145787514,1.1344364072626247,0.7960231285631264,1.2463292055703787,1.461945539735948,1.067685592327241,1.652205120091357,1.3748490575395271
2.2127855188557213,0.7734356750155629,1.2747733537505392,1.3242453217932233,0.9803104651650539,1.8087587631846769,1.378143703833007,1.1103486117335346,0.8153354395954993,1.2267385558053745,1.4857597178352029,1.0713787641648587,1.6465893813057213,1.378342946793783
2.246703737059182,0.7291702587175475,1.2479158995806565,1.2801889355963034,0.9665157541428646,1.795774835626382,1.3824344852501633,1.1476443964772316,0.8220130943487398,1.2466392175117107,1.4583885210390708,1.0726779198964789,1.5811971625386692,1.3826337282109393
2.289092503550968,0.7741436243602786,1.2729986799481199,1.2537422855813198,0.9758718490668896,1.700584648622633,1.386127657087781,1.1917569710955525,0.8560279729360174,1.2836459431408065,1.440020863680886,1.0724778998938118,1.5153778215013753,1.386326900048557
2.264184867844784,0.8110539783803759,1.2960313790586926,1.264286499456991,1.0084358399401523,1.6463396337702374,1.3895218901557966,1.1483274131682166,0.8889790730757033,1.2756137714435423,1.4542195830806988,1.0795528135657737,1.529280726670367,1.3897211331165726
2.3107821532215658,0.8334023820441375,1.2595748420480775,1.2782880190928045,0.973947909481479,1.6939862872375904,1.393513911425334,1.1925356678325367,0.926371192292766,1.274913526329149,1.4644668995322483,1.039251516792248,1.5710942294837773,1.39371315438611
2.2754658080939985,0.8583876347380461,1.2515426703508132,1.2824792237112725,1.0048650121162006,1.7096627666225979,1.3973067096640304,1.2224827442004889,0.9346369367097986,1.275713206499713,1.4612617685833,1.0329315880474288,1.5893269977448368,1.3975059526248064
2.261569702901887,0.8392048153212721,1.23876133598608,1.279474714690974,1.008857033385738,1.7392215688641424,1.4011991243793742,1.2365828685792706,0.9553215279026313,1.2654608300353618,1.450605188394771,1.0090486475840967,1.6333438831616112,1.4013983673401502
2.233067342429175,0.8647750914328022,1.204480402009206,1.2711400779009163,0.9986046569213868,1.8017267742155396,1.405091539094718,1.253144956878249,0.9559213479745988,1.2459721534514991,1.4515047836376072,0.9804433905737623,1.6661014473997835,1.405290782055494
2.2925619142148146,0.7916666196121639,1.1743304250583226,1.2512434461864597,0.9867344843508993,1.8551727499211654,1.408983953810062,1.2840620595129704,0.9182194807905872,1.2082702862674877,1.4714054453439434,0.9456448850310667,1.7271965467595942,1.409183196770838
2.3257065128071166,0.8490861104796503,1.1070147177734557,1.2066644027884923,0.9717223642303957,1.910418224147144,1.4125774893201921,1.3269299597401463,0.8904370997781357,1.0940932412050886,1.5147522498473092,0.8582334280200972,1.8506523506865125,1.412776732280968
2.4000715947624234,0.9032901644931625,1.016104842413613,1.1255628013514507,0.9197972913654763,2.0344925392490705,1.416967837621485,1.400273353964356,0.8328079869414993,1.0321114488492071,1.5509877424294045,0.7913454824784655,1.92733557545747,1.417167080582261
2.3515114041470464,0.9451036673065728,1.011594686935727,1.066979843919153,0.9663945767422586,2.0531180033722354,1.4210594555247384,1.3362680239884435,0.9004666354153141,1.0136419325655457,1.547280880498078,0.7720607210665984,1.9581557177973563,1.4212586984855144
2.375716092843864,1.1167854889961824,0.9007748518304832,0.8548998649609227,0.9679932981059557,2.221847606646723,1.4253502369418949,1.368154212850765,0.9244760878756659,0.9079480280064818,1.5690423722795908,0.7030321346561623,2.052283380522055,1.4255494799026707
2.4264092071593817,0.9509670043012419,0.9764387557514729,0.971704644503007,0.9511522809099291,2.1514251423501767,1.4300392264280262,1.39196839095002,0.8862548750554682,0.9653675188739682,1.557678042200541,0.7515365437157775,1.9315835952842697,1.4302384693888022
2.3602694046548365,0.8933378914646055,1.0586636960071423,1.0417902520696947,1.0021305256745585,2.0623753255166664,1.4346286787618334,1.3230469454835982,0.8429297503170945,1.0063175052029223,1.568222256076212,0.7733958780686709,1.8324260237510512,1.4348279217226094
2.3150628118167575,0.8573997846589764,1.0822825616057763,1.0869548040240684,1.0110902670460304,1.9674050879254392,1.4396162202728724,1.2927939023125772,0.8587046694324568,1.0636425718221918,1.545260644438865,0.8315704421197432,1.7318319085153486,1.4398154632336484
2.360418513537555,0.9569735895550687,0.9765886570467124,1.0060700752836045,0.9823821029092866,2.1200403343490333,1.4436082415424099,1.3240987521409897,0.8736917992407051,1.1089027032270562,1.5164495625847454,0.8430048197454063,1.7202652721438834,1.4438074845031859
2.3349981361906433,0.9477310081881363,1.0549376234576886,1.0665064440874352,1.0117467115391905,2.1188396137725145,1.448396758274207,1.2792059832502531,0.868578749853882,1.1438836721223018,1.5171493176990185,0.8376907249216377,1.7019994633369908,1.448596001234983
2.4029371191988362,0.9368722648532603,1.0480137083848644,1.0351189708458026,1.0181263185032297,2.174274320660615,1.453384299785246,1.291430952872822,0.87396422213022,1.127449365658877,1.4851425215639322,0.8517908493004193,1.73794559011046,1.453583542746022
2.3468957283152116,0.9390698483967475,1.1084500771886951,1.0669082933352099,1.080067720043413,2.195546455936155,1.458471338833803,1.2371859380204262,0.8808405260696519,1.1635884122747502,1.4968734444396308,0.8625329458323212,1.7052157654875408,1.458670581794579
2.318907691775043,0.9108761140259655,1.1624646654949335,1.1599431593023992,1.1255189829473302,2.1481403335388842,1.4640557171277038,1.191246706078981,0.8331197898582402,1.235816046271631,1.5122545464779331,0.8891748767787424,1.6545538506853128,1.4642549600884798
2.2055150044199525,0.9070688756830114,1.269433886492176,1.286752006166095,1.2070989699397532,2.1234377208985125,1.4691427561762609,1.1479215813406074,0.8346186659819762,1.3286686632862472,1.5233922908883892,0.94706635519452,1.606518401646756,1.469341999137037
2.2173447561735298,0.938082929212181,1.3398923501407372,1.3060643171984678,1.2626282797322335,2.1885698158362947,1.4741302976872999,1.1614299313653997,0.8380128990499918,1.377077802493935,1.5159647750595928,0.9662805741183245,1.6335497406977866,1.4743295406480759
2.2481648985134157,0.9938014179685246,1.2898614165351723,1.255823100761721,1.194884627645714,1.9007544011615014,1.4795157699636379,1.16502346687553,0.8481612301018069,1.36064349603051,1.5172639307912128,0.9686776987180459,1.5725250388600118,1.4797150129244137
2.1422486729218666,1.0208327570195552,1.4112822717395117,1.346394798946108,1.2860955076990979,2.018359643235765,1.4833085682023341,1.0826196406207143,0.8960938838571096,1.451215194214897,1.4958359833775923,1.0214598841570153,1.6314541063892993,1.48350781116311
2.06687836589709,1.0445492836368713,1.4741631697787128,1.3810860387360382,1.3248353360150285,2.098833027385642,1.4874997728208021,0.9965169415673025,0.8969934790999456,1.4967620091708675,1.5195525099949085,1.039496246643114,1.665565636018067,1.4876990157815781
2.1432836970994953,1.0374239586942826,1.4261277207401557,1.3500080831651768,1.2842216531297315,2.014146219218448,1.491392187536146,1.0695815124243078,0.8830973739078343,1.4909451238493026,1.5345396398031568,1.0351869750550156,1.6411704791833457,1.491591430496922
2.1504579008474956,1.0728876229698516,1.456947863080042,1.3534023162331925,1.3061788204817737,2.035614125833689,1.4945870784326654,1.0373681900596563,0.915467753938285,1.51924099300415,1.5332387940701087,1.0487939784612323,1.690341523189795,1.4947863213934411
2.1308672510824915,1.1365194832146253,1.4459880228437,1.3698660422638576,1.2880148498541024,2.0390083589017047,1.4973831657346666,0.999458616986436,0.9243283823704814,1.5758103444920442,1.5154820724808498,1.0825188478628534,1.7673025643259233,1.4975824086954423
2.1093371325321284,1.1077084013605056,1.500570900613992,1.442279722772903,1.3181560067660891,2.092549125829734,1.5003786747144647,0.9681743269466696,0.9103308727266277,1.6102117712093764,1.5336166426763325,1.1123688698317387,1.7906283896294202,1.500577917675241
2.0425560988417772,1.1346424026005866,1.5258487077982605,1.480345923579359,1.3817878670108628,2.146468967819165,1.5034738796217675,0.9448033406234294,0.9342426927729406,1.6552807345769547,1.5407908464243327,1.1616351111346568,1.8689773560403964,1.5036731225825433
1.945494385998646,1.077331035887473,1.541328278646647,1.5325587950262936,1.4137709128639135,2.255771702709615,1.5062699669237687,0.8318585816072951,0.9065631236661982,1.6725310879834825,1.5533121269780046,1.1780988371653218,1.9462161363811985,1.5064692098845445
1.9697966785216108,1.1291641845274902,1.4577292547703333,1.5036447848616512,1.3670985046654829,2.1682511051801194,1.5084675504672558,0.8576237894933215,0.9220426945145846,1.6398012633605634,1.5518110008517374,1.131112045940985,1.9054983031026396,1.5086667934280316
2.0424893639150516,1.1255576889333785,1.4775318820665129,1.4634475951102381,1.3505625360253832,2.0786545713683635,1.5101661071028372,0.8884439318332079,0.913405501118921,1.622146328121843,1.537610651450596,1.0982788888457446,1.8117369232881653,1.5103653500636134
2.05846113342475,1.1754900576815874,1.488273978598415,1.4674396163797756,1.347758608692649,2.0783545263593615,1.5116649832265732,0.8837328521030887,0.8922840044968097,1.6307095587823306,1.5468676727132729,1.102270910115282,1.8284957071031198,1.5118642261873492
2.043956447221868,1.1874186285468613,1.521225078738101,1.5101158906602121,1.376151683193867,2.1152648803794585,1.5130640041402805,0.8351726614877116,0.9251383413677569,1.6499237777061349,1.5658856785490347,1.122661599763016,1.8571803409630285,1.5132632471010565
2.020790169190029,1.182808015989178,1.5460152475453195,1.5852233631470174,1.4262742925970775,2.180958983574821,1.514363159871901,0.8467058973013848,0.9326103562064579,1.6728587489886309,1.5899927538922678,1.162362966614568,1.8980343349712947,1.5145624028326767
2.0623159160185267,1.2244296906799974,1.5570540946605362,1.5691956020698203,1.4322563642746249,2.1644230149347212,1.515662315603521,0.8965431321485563,0.9245781845091937,1.671758143544598,1.6019213247575417,1.1554390515417439,1.8613703505997035,1.5158615585642967
2.0089151392914117,1.2884368206542898,1.5955052810347887,1.6109131954216886,1.4846590430676732,2.241198853736771,1.517161191727257,0.9062954235912346,0.9489780713327288,1.704709243684284,1.616711410230177,1.1966769595579887,1.9032797536769128,1.5173604346880327
1.9950190340993004,1.2574620163548593,1.6123623981012116,1.6335549259025133,1.5087661184109065,2.271145930104723,1.5185602126409643,0.9274696588226412,0.9793132711288017,1.7469062923840721,1.6236870239666021,1.2201981545993346,1.9359405359164612,1.51875945560174
1.920187723476297,1.2946614573439656,1.6135616786766938,1.6722947542184439,1.5339464169412047,2.3307347215163805,1.5198593683725843,0.8928782140530221,0.9945958946599587,1.7668069540904083,1.6442736575749906,1.2494656522799028,1.997035635276272,1.5200586113333603
1.8348476763092816,1.2296961784916065,1.5777272256674777,1.711419308902494,1.52692180200424,2.363976055296183,1.5213582444963203,0.7962571754485965,1.0202636414085364,1.7984025156801589,1.6539269146031288,1.2571361585841223,2.028921824138594,1.5215574874570963
1.8398352178203206,1.2173199074235512,1.6027124783613864,1.7257166136033184,1.5107924200743565,2.3813246936307957,1.5227572654100276,0.7944555535019683,1.0091015767023446,1.8143742851898574,1.658217696020285,1.260131667563921,2.0507811584914872,1.5229565083708037
1.7305782318833711,1.247461064335538,1.6152337589150578,1.75711837674285,1.4877284804758049,2.468877590638657,1.5241562863237352,0.6838591321599415,1.0374946512035623,1.819063274675989,1.6851516972603662,1.271961419317498,2.1342027666305596,1.5243555292845112
1.8060566930592765,1.2058053890667055,1.559721048984799,1.7250083228246165,1.4968864182605706,2.412730430015656,1.5255553072374426,0.7229836868439916,0.9762573417323729,1.8105269436537026,1.6649489899428467,1.2748572224295236,2.101989444265908,1.5257545501982186
1.8639481714750543,1.234392845918618,1.5501756361412677,1.6246353486778293,1.5457718159903813,2.2350381416053637,1.5267545878129247,0.7643175503369688,0.950939533748083,1.814120479163833,1.636858109776321,1.2730556004828952,2.049010519475021,1.5269538307737007
1.8046227053902395,1.2397783181949558,1.5720349704941614,1.68441255271369,1.5294391613694835,2.3268877952352427,1.5278539832562257,0.7380762391317417,0.9858239356015849,1.8374463044673297,1.6535185506694283,1.2795345665806044,2.133351667908772,1.528053226217002
1.778586690839398,1.2483415488554437,1.5637003337041038,1.677790676404803,1.5365140750414457,2.3425642746202504,1.5288534835893093,0.711218784961859,1.0171287854299975,1.856856697987153,1.6558159097181115,1.2903755897584792,2.1507985815124933,1.529052726550085
1.759607724241595,1.2394017072859693,1.5488912180503953,1.6887306164431373,1.5313005079885582,2.3549867946188074,1.5297530788321452,0.6931566421434505,1.0386945633445581,1.8897110348581003,1.6539141024285153,1.298938820418967,2.1950068361768134,1.5299523217929212
1.77044874741947,1.2460793620392099,1.529402541466533,1.7074542304412397,1.523570709926617,2.3700724320368485,1.5307525791652288,0.6755017069047298,1.0463650696487778,1.8901109548794273,1.6648540424668496,1.3083939791897221,2.2152015434623324,1.5309518221260046
1.849444753645968,1.2563266784907594,1.5404413885817494,1.65952369668369,1.5336200457796183,2.2711356841768247,1.531752079498312,0.7642449167391183,1.0271822502320038,1.8803636034245472,1.6661531981984696,1.312286393905066,2.143705541757263,1.5319513224590882
1.908185248668568,1.3039733319581124,1.539440888248166,1.5852310921018349,1.56453714841434,2.1572948677530652,1.532651674741148,0.8319035652129332,1.0467887798709221,1.8814629988678484,1.6583226190832812,1.3097832636869475,2.106730305632367,1.532850917701924
1.9222853730473495,1.3200435121356069,1.5451247047164636,1.5910143368575622,1.5610310090850525,2.1470424912887136,1.5336511750742314,0.8592268608618236,1.0718715602383855,1.896154547610838,1.6659931253875009,1.3142731689597995,2.0615237127942883,1.5338504180350074
1.9455134991665568,1.3669270980344572,1.5348723282521122,1.5498797934990072,1.5806375387239706,2.144138278141324,1.5343509301885048,0.880009400044352,1.0834047960520585,1.9249363490362899,1.6335732341313896,1.3265969186486315,2.0218468956413895,1.5345501731492805
1.9686439165554113,1.3924973741459874,1.5556548674346407,1.5258944307484956,1.60337702569346,2.138723645439825,1.535050685302778,0.9105386050791748,1.1126722937326265,1.9361729809622776,1.6203866723272142,1.3388218882712004,2.0060223452944186,1.5352499282635539
1.9561663950442987,1.3976839008332875,1.555754862434974,1.5369332778637124,1.6053750283561332,2.1368218381502286,1.5358503654733422,0.951008537632888,1.1449458542829223,1.930557242176642,1.6204866673275475,1.3334072555697016,2.009416578362434,1.5360496084341182
2.0151897354937596,1.4245205547868474,1.574870979627204,1.5210071273134531,1.6219371166551113,2.1736358112729453,1.5365501205876155,1.0072943486434798,1.1502318587121596,1.9453473276492772,1.601915281742112,1.3462247592803158,2.0507504418554112,1.5367493635483913
2.028599422403677,1.44755325389742,1.5942813731470276,1.5188047037582528,1.6401698849161712,2.189804392434529,1.5372498757018889,1.026802815031523,1.1308451449119696,1.941238899604734,1.6047113690441133,1.3420159145062611,2.0306497701484085,1.5374491186626646
2.0706047165487074,1.4198736847906777,1.6175094992662347,1.5187046987579196,1.6499221763588494,2.1312214350022307,1.538049555872453,1.0928714150012275,1.1147157629820859,1.952079922782609,1.6098978957314134,1.3433150702378813,2.0352392224822156,1.538248798833229
2.091876851824247,1.4445662973810491,1.6369198927860582,1.4820407143863281,1.682195736909145,2.156791711113761,1.5387493109867263,1.1168808674615793,1.147860361574388,1.9741349135634403,1.5932602545783903,1.3730680283872292,2.069157440685676,1.5389485539475023
2.105779756993239,1.4358282314377637,1.6417084095178551,1.506928429894107,1.6697182153980323,2.145730763754336,1.5393491310586938,1.1401089935807867,1.1546373458534116,1.9783261181819083,1.5990434993341176,1.3565320597471295,2.0721529496654743,1.5395483740194698
2.092491862666303,1.4568066378229556,1.6442052897164423,1.522112565219147,1.6597688845443643,2.147728766417009,1.5402487263015299,1.152136373793505,1.1965467489306212,1.9798249943056443,1.603135117237371,1.3443582588154208,2.0888133905585815,1.5404479692623059
2.074022346382642,1.4342542333524442,1.6176559544829059,1.5533204923433401,1.630546025867461,2.0926388000990492,1.5410484064720942,1.123736899271807,1.2025288206081688,1.975716566261101,1.6185162192756735,1.3452578540582567,2.0771455856908996,1.54124764943287
2.0856544306123497,1.4303466085214271,1.6141498151536182,1.5415515087433413,1.6307460058701273,2.109004154185313,1.5416482265440616,1.1250360550034273,1.180385455922479,1.9723107731262681,1.6261867255798932,1.3329828231826442,2.0562283374355115,1.5418474695048374
2.1040835660807167,1.4554293888888903,1.6275595020635358,1.5517988251948909,1.6271395102760156,2.129492820612629,1.542447906714626,1.1529430082564351,1.2022447902753723,1.9779945895945659,1.6397937289861102,1.3317821026061254,2.0799448640528273,1.542647149675402
2.0626363761665436,1.4251763457178694,1.6676452256028216,1.6030621191324324,1.610298493079989,2.106224193673275,1.5434474070477093,1.1161752840642205,1.199440862942638,1.9980912912936883,1.6523150095397818,1.3253615348032026,2.062696970643274,1.5436466500084851
2.0634360563371077,1.4126988242067569,1.6771994384076332,1.6156821504885346,1.5954893774262806,2.091110555863226,1.5445468024910105,1.1230515880036527,1.19803988202701,2.008932314471563,1.6513145092061983,1.3205499778059806,2.081714976479036,1.5447460454517863
2.0793094054933974,1.4452628150800193,1.674796553791323,1.603204628977422,1.5761026636260906,2.142373849800768,1.5456461979343115,1.1485243839766837,1.1946340888921771,2.015013784787431,1.6520142643204716,1.3262337942742783,2.0846107795910616,1.5458454408950875
2.0935081248932104,1.4482583240598177,1.6691808150056873,1.602104023533389,1.5808911803578878,2.1273617296802643,1.5467455933776124,1.185434737996781,1.19443406888951,2.017410909387152,1.6563050457376278,1.3302258155438158,2.0856102799241447,1.5469448363383884
2.137907712189895,1.4886322181980909,1.6871189601367003,1.591245280198513,1.578287794487773,2.159054176412754,1.5482444695013484,1.244646597628627,1.2006149279645912,2.0262715378193485,1.637326079139825,1.337499299510314,2.092287934677385,1.5484437124621244
2.171632581591516,1.4889321732070888,1.6867188801153605,1.5775519530665105,1.5838721727816734,2.1303460122760103,1.5498431908650456,1.2854045901007947,1.1997145227214272,2.035726696590104,1.639423877221971,1.3366989793395452,2.104414114475226,1.5500424338258214
2.1436445450513473,1.4777701085008967,1.7060311911477335,1.6082751257093508,1.5698746631378198,2.161069184918851,1.5514419122287426,1.2728258078939345,1.2407604921574282,2.0459740130416533,1.6480862503006235,1.3360987992675126,2.121074555368333,1.5516411551895186
2.16236815904945,1.4750664569265821,1.7223965452339978,1.6213887648547343,1.5690743429670508,2.1926647465086013,1.5530406335924396,1.3109882689882835,1.2466431553155837,2.058100192839494,1.6522774549190917,1.3409868333402886,2.136061685176581,1.5532398765532156
2.142471527334993,1.4607646722157224,1.7376791687651547,1.6264758039032914,1.5799153661449254,2.1980502187849393,1.5551384316745858,1.2894581504379201,1.2514316720473808,2.073382816370651,1.6520774349164247,1.3476644880935291,2.142143155492449,1.5553376746353618
2.11602487732001,1.419525924199125,1.734173029435867,1.6346423665696848,1.5702689890931198,2.1899172355547503,1.557236229756732,1.2637300018651891,1.2547262389968108,2.0754806144527973,1.6504761535494508,1.3451613578754105,2.1503097181588426,1.5574354727175077
2.151874530213707,1.446167855145546,1.7260400462056782,1.6206448569258312,1.5729653506408625,2.193809650270094,1.5596333543564533,1.2585164348123015,1.23707130375809,2.0829526292914986,1.6507761085584487,1.351839012628651,2.159467655943608,1.5598325973172293
2.1575583466820047,1.4781509009985967,1.7525846014277904,1.6311890708015022,1.5680533062798419,2.214200339917828,1.561930713405137,1.2769455702806687,1.2470216346112581,2.0896302840447385,1.6616171317363235,1.3541363716773345,2.188346615493985,1.5621299563659128
2.196009533056257,1.50576606803157,1.7471699687262914,1.61952126593382,1.5585078934363104,2.214600259939155,1.5643278380048584,1.3079596238098383,1.2475215096529093,2.0984909124769353,1.6616171317363235,1.3505298760832227,2.202545334893798,1.5645270809656342
2.183734502180645,1.4966244101142867,1.7597900000823936,1.595535903183309,1.5628982417376034,2.236753064580288,1.5673233469846566,1.3390706188348909,1.2493198915942887,2.0945832876459183,1.6633156883719051,1.3552188655693542,2.2312299687537065,1.5675225899454326
2.1886225362534204,1.4936199010939881,1.7673612655787116,1.6009213754596465,1.5574836090361046,2.2711544912976205,1.570219150096682,1.3731821484636588,1.2371460906625797,2.0998692920751556,1.6667099214399206,1.3493013918053165,2.259039669392974,1.570418393057458
2.1682157264757578,1.4795209767144863,1.7698581457772988,1.5949033031340836,1.5444996814778098,2.257967929493445,1.5729155116444247,1.3400389298704045,1.2467993476907182,2.1069442057471175,1.6588793423247319,1.3635001112051295,2.2519143444503857,1.5731147546052004
2.203679390751327,1.4873899350931814,1.7578867739960788,1.5886840033201668,1.5330342033685316,2.261461818747701,1.5760107165517272,1.3615068364856455,1.24549850195767,2.099214407685176,1.6610769258682192,1.347675560858158,2.267393915298772,1.5762099595125032
2.2011762605332086,1.4845860077604474,1.7618787952656163,1.5912806291674326,1.5353315624172152,2.268834573077114,1.5792056074482463,1.4118196503592348,1.2675534927385015,2.0795217743394403,1.6614768458895461,1.3338808498359689,2.2930616620473496,1.5794048504090223
2.2311233369011605,1.5405881978757323,1.7730165396760724,1.5805229725144725,1.530620482687096,2.2960605593307055,1.5826994967025023,1.467348960151715,1.2745291064749267,2.0933260553158375,1.6544522309525815,1.3178530887587714,2.3251415555107613,1.5828987396632783
2.228118827880862,1.5360780423978462,1.770513409457954,1.5745049001889095,1.5503250659614314,2.2776929019725207,1.586093729770518,1.4625374031544929,1.267303061383187,2.115870019750732,1.6449068181090503,1.312941044397751,2.3096217438527242,1.586292972731294
2.2426132740313145,1.5696095256066385,1.775600448506511,1.5716006870415198,1.5452120165746082,2.2900166516613525,1.5897869016081354,1.4948109637047886,1.2735832993403375,2.117768217033812,1.6362696247133868,1.3060171293249268,2.3325567151352207,1.5899861445689114
2.249886757997813,1.561174046785537,1.8013656563925375,1.582639534156736,1.543109808482738,2.296594967021475,1.5933804371182658,1.5394018470326638,1.2761799251876034,2.118667812276648,1.640062422952083,1.3054169492528942,2.350003628738941,1.5935796800790416
2.213533928532015,1.5307148393008283,1.8267409627237658,1.5915992755282078,1.5562234476281214,2.2588930998374632,1.597671218535422,1.491681110821252,1.2621824155437498,2.124848671351729,1.649418517876108,1.3149711620577058,2.319544421254233,1.597870461496198
2.210027789202727,1.5280111877265137,1.8353041933842538,1.6044167792388224,1.5556232675560888,2.273683185310099,1.6016632398049595,1.4836489391239878,1.2392208039064028,2.1229468640621327,1.650517913319409,1.3119666530374072,2.312519806317268,1.6018624827657355
2.2021972100875384,1.4907246029404968,1.8640859948097055,1.6214705338046498,1.565078426326844,2.251539820624409,1.605655261074497,1.4852476604876848,1.21236334973652,2.144610503698159,1.6480147831012906,1.3225108669130783,2.317706333004568,1.605854504035273
2.222293911786661,1.495214508213349,1.8467363564745927,1.6032047249977572,1.5862526615582506,2.2162234754968413,1.609846465692965,1.5094523491845022,1.21016092618132,2.1402007952094593,1.6482147631039568,1.3194060519595996,2.3184060881188415,1.610045708653741
2.2405266800477204,1.480811277902605,1.8470363114835906,1.6122635694861036,1.5917375917888203,2.206879960493689,1.6139380835962185,1.5057454872531757,1.201120181529171,2.1486648736215885,1.6457116328858383,1.333703356660424,2.3205038862009877,1.6141373265569945
2.272316002537128,1.500123588934978,1.8465361864419083,1.6095599179117888,1.5941347163885418,2.2042765746235737,1.6180297014994722,1.5395670357286864,1.1948002527843515,2.1465626655297183,1.652289948245961,1.3235520056040486,2.329562730689334,1.618228944460248
2.289271443186541,1.5083893333520106,1.8469361064632352,1.610759198487271,1.5852957677213375,2.1939231625440825,1.6222209061179402,1.566306332918308,1.1954000728563192,2.1524453286878735,1.6508889673303329,1.3278427870212048,2.3454360798456237,1.622420149078716
2.2979338162651937,1.5004579630257302,1.878047101488288,1.6036338735446822,1.6054904750068566,2.20228807887571,1.6262129273874777,1.5925587040623737,1.1910908012682206,2.1569352339607257,1.6546817655690291,1.3258407843505318,2.370908875818655,1.6264121703482535
2.3118367214341853,1.5009578380673814,1.87674625575524,1.6040337935660092,1.6079873552054438,2.2046852034754316,1.6306032756887705,1.5990376701600826,1.2090289463992336,2.16728152601487,1.6452373067410293,1.3324190997106542,2.3759959148672123,1.6308025186495465
2.292042094106006,1.5147621190437786,1.8757457554216563,1.599423181008326,1.6001567760902553,2.1912959663564155,1.6343960739274666,1.6045226003906525,1.2222412778713687,2.175745604426999,1.647933668288772,1.3410814727893068,2.390687463610202,1.6345953168882428
2.298819078385029,1.515361939115746,1.8734431063589807,1.6012215629497053,1.5941387037646924,2.215695853179951,1.638686855344623,1.6290200719910397,1.2234405584468508,2.1831183587564125,1.6497320502301513,1.3451730906925605,2.4074462474251566,1.6388860983053988
2.33312388207702,1.4950571857753818,1.8618764699875154,1.6111718938028732,1.6044849958188365,2.2140945718129768,1.6430772036459158,1.6661231599425421,1.2231405134378488,2.198991707912703,1.6445184831772637,1.3484676576419905,2.4227288709563135,1.6432764466066918
2.3650100709393413,1.4975540659739688,1.8611762248731218,1.6232980736007139,1.5908930422993697,2.211390920238662,1.6471688215491693,1.6849449141831296,1.2181279716143045,2.2078523363448994,1.6485105044468011,1.3510642834892566,2.437026175657138,1.6473680645099453
2.3452154436111616,1.5051253314702868,1.85001416016693,1.62758885501787,1.5912929623206964,2.21438642921846,1.6511608428187068,1.6845448341617901,1.2319322525907017,2.2114458718550294,1.6627092238466141,1.34775882648053,2.4426105539510385,1.6513600857794828
2.3072020014129455,1.4759024727933836,1.8160436405957767,1.6323773717496672,1.5804342189858205,2.2419043152551996,1.6551528640882442,1.6703444847606486,1.2490843114082673,2.2131444284906108,1.660707221175941,1.3435499817064753,2.4674982694588175,1.6553521070490202
2.3163599391977114,1.4725970157846573,1.7932866534731606,1.6217207915611382,1.5748184802001846,2.2428039104980355,1.6593440687067122,1.643795149527112,1.2034591333819917,2.2172360463938645,1.6699642424386179,1.3646263073083915,2.4607757236979904,1.6595433116674883
2.348052385930201,1.4482018589499357,1.7740018920612934,1.6161050527755025,1.5409514106886073,2.288159612218833,1.6625389596032316,1.6948684197111126,1.1799857771963496,2.203745456211365,1.6675613578223076,1.3462586499502067,2.5059402756523643,1.6627382025640074
2.3658923040585322,1.4486017789712626,1.7474525568277568,1.614403606135745,1.5394502845623403,2.335710914077055,1.665733850499751,1.737065468410901,1.1832803441457798,2.1781199085723926,1.6763228634908804,1.3271777621374148,2.5293637905959523,1.6659330934605268
2.316386884154693,1.4198936148345187,1.7355823842572695,1.6300800855207527,1.5359441452330527,2.3446706554485273,1.6691280835677667,1.6896593460136307,1.1484818386030842,2.1729063415195053,1.6808127687637322,1.352260542504878,2.528363290262369,1.6693273265285424
2.3076488182114074,1.421791812117599,1.7311726757685695,1.6390398268922244,1.5250854018981768,2.4080209709492886,1.671824445115509,1.6678226514044563,1.1399455075807978,2.188779690675795,1.6737881538267678,1.3594347462528784,2.5394021373775852,1.672023688076285
2.241936274846026,1.4167792702940547,1.7674081683506646,1.6582540458160289,1.5475315907280067,2.3267024497717,1.673922243197655,1.575597707361939,1.1325179917520012,2.204456170060803,1.6589790381730596,1.3808047719890708,2.5169520085399935,1.6741214861584313
2.2105488016043937,1.411867225933034,1.7585692196834604,1.666123004194724,1.536167260648957,2.3860085556691075,1.6752213989292755,1.5958904106297012,1.156429811798314,2.192788365193121,1.6694242960345982,1.3629462536877577,2.5439833475910243,1.6754206418900512
2.2012052866012413,1.4187435298724662,1.756767597736832,1.6738927414590847,1.541154802159996,2.425998203885266,1.6769199555648568,1.5802690297267445,1.1437497586409395,2.221375822045033,1.6616944979726571,1.3830429553868802,2.5503629545550632,1.6771191985256326
2.246178652243972,1.4071768935010007,1.746818266883164,1.689273843497387,1.515426653587265,2.4239962012145932,1.6787183375062362,1.6307720118998512,1.112052671897685,2.2136460239830917,1.6793379331452523,1.369552365204381,2.5355538389013548,1.678917580467012
2.2646077877123396,1.4384817433294133,1.7318061467626604,1.6979362165760397,1.5158265736085916,2.455688647947083,1.6805167194476156,1.648218925503572,1.1234870495233482,2.201067241776232,1.6829314686553825,1.3580868870951028,2.559172704499989,1.6807159624083914
2.1764320968086137,1.4503114950829905,1.7067959837584925,1.7399415107210698,1.5110150166113696,2.5730271403643163,1.682215276083197,1.5651633503662463,1.140639108340914,2.204162446683535,1.6791242303124285,1.37474732798821,2.6335377864552956,1.6824145190439732
2.1687022987466724,1.4864505416988636,1.7640266172127643,1.7307998528037865,1.521954956649704,2.519626363637201,1.683714152206933,1.5241330008082543,1.1237980911448873,2.227390572802742,1.6793242103150945,1.4084721973898309,2.61251841923122,1.683913395167709
2.1838864340717126,1.5201754111004846,1.779604647176083,1.7473619411027645,1.530121519316097,2.4782834001028182,1.6850133079385532,1.4774605926098237,1.109901985952776,2.2313825940722793,1.6917467303136517,1.4328720842133662,2.593845153965599,1.6852125508993292
2.0869349079952624,1.5232706160077871,1.8403233822107885,1.7695147457438978,1.54805966444711,2.4815779670522486,1.6865121840622892,1.3216251610516958,1.0993464720132593,2.256660401256548,1.6885415993647035,1.4964101050173535,2.6121761106503225,1.6867114270230652
1.8978303989044751,1.4917799489164163,1.812438178721253,1.806425099763995,1.566685128570275,2.556963693958138,1.6873118642328535,1.0837486101354212,1.0843343518927557,2.265223631917036,1.7064797444957165,1.5636948518229499,2.6968848385772763,1.6875111071936293
1.8159693724241548,1.4523112050060498,1.752157247836323,1.8547389600425457,1.5927426628895647,2.6266763063694385,1.6876118192418512,1.0271782586470268,1.0946806439469001,2.256888995126978,1.699455129558752,1.6038766414557817,2.7371626850758464,1.6878110622026272
1.8332197258306824,1.4856492646165602,1.7500550397444528,1.8560381157741659,1.5790493357575621,2.574856557639642,1.6876118192418512,1.091560517576295,1.1006627156244475,2.262572811595276,1.6895057987050839,1.6216183229319387,2.720626716435747,1.6878110622026272
1.7485329176634887,1.4653445112761958,1.6307082821118866,1.8586347416214317,1.5666730646895068,2.555469843839452,1.6876118192418512,0.9969201134221742,1.1410366097627207,2.238382572794058,1.6831858699602646,1.6068092072782305,2.7276023301721724,1.6878110622026272
1.6420606731529719,1.4533731394949758,1.55523014093593,1.8773583556195343,1.5552075865802286,2.5963238378477183,1.6877118142421845,0.8913373508471091,1.155432490046453,2.201718588422467,1.7020076242008522,1.5847680764013503,2.742096776322625,1.6879110572029605
1.7277795485555094,1.459553998570057,1.5907903163344805,1.8521431064784706,1.5325528960154224,2.473817163354921,1.687911794244851,0.9502664183763966,1.134617350332533,2.199415939359791,1.7057007960384698,1.5529677638515524,2.6430496227213904,1.6881110372056267
1.8248155110671038,1.5237487106120537,1.6437622011005864,1.8537418278421676,1.5344510932985027,2.049474999477068,1.6880117892451842,1.0677827518042355,1.123151872223255,2.2237182318827555,1.7095932107538137,1.4993559944029033,2.3873828797016206,1.68821103220596
1.8756036778992087,1.5000705832574766,1.6423612201849584,1.8415680269104588,1.5128187931713888,1.9178845790894705,1.6880117892451842,1.1959120795147633,1.1506697582599943,2.208706111762252,1.7065887017335148,1.4546723867762632,2.289328939226232,1.68821103220596
1.8798944593163651,1.5229078171602337,1.615401038602175,1.8322245119073064,1.5111173465316314,1.969622774493885,1.6881117842455176,1.187980709188483,1.181004958056067,2.2117016207420503,1.7152510748121674,1.4577675916835657,2.3038233853766847,1.6883110272062933
1.954259541271672,1.5474052887606211,1.666284248916745,1.8277143564294205,1.5425191096711628,1.9140043507308726,1.6882117792458509,1.2769069183828845,1.152502597583355,2.2481299773556023,1.7173488728943136,1.4525540246306783,2.2886082195702047,1.6884110222066266
1.9870171055098442,1.547705243769619,1.741855435763819,1.7967395521299898,1.5733392520110492,1.820791969008694,1.6883117742461842,1.3182407818758617,1.1763167756826098,2.285040331375699,1.7087116794986499,1.4598275085971768,2.2306612596153546,1.68851101720696
2.0270067537260026,1.5752231298063584,1.7515086927919574,1.8134983359449444,1.5767334850790649,1.7694986746211434,1.6884117692465175,1.3634053338302354,1.1910083244255996,2.282837907820499,1.711308305345916,1.4574246239808666,2.2190946232438895,1.6886110122072933
2.000765442520775,1.5258227795112314,1.707974690768229,1.855120010635764,1.5605024719686478,1.7955562089404329,1.6884117692465175,1.3443244460174435,1.205305629126424,2.2715747155417887,1.7330697971274287,1.4527135442507473,2.236738058416485,1.6886110122072933
2.0548747681678075,1.4978347429710626,1.7067739701917102,1.8637823837144165,1.56170175254413,1.7987510998369522,1.6884117692465175,1.3672594172999395,1.1857149793614197,2.2532070581836035,1.741930425559625,1.45540990579849,2.247480154948387,1.6886110122072933
2.08200343555606,1.5586475823675752,1.7067739701917102,1.8707579974508417,1.5609014323733605,1.8277272080734694,1.6885117642468508,1.3799781897077141,1.1724270850344842,2.262860315211742,1.762908831944817,1.4569087819222257,2.265614725143869,1.6887110072076266
2.047825983754474,1.5613439439153176,1.7097694791715086,1.8556443596407934,1.5649930502766143,1.7726372417555094,1.6885117642468508,1.3389478401497221,1.2100118453617557,2.257043429890177,1.7749362121575354,1.459106365465713,2.257179246322768,1.6887110072076266
2.0812607598407107,1.57573982419905,1.741074328999921,1.8511342041629075,1.5788959554456057,1.8081009060310786,1.6885117642468508,1.336745416594522,1.2097118003527536,2.2453756250224948,1.774336032085503,1.4512757863505243,2.264651261161469,1.6887110072076266
2.1424499281531335,1.5939725924601096,1.7623464642754607,1.8449149043489905,1.5951629279094774,1.8442399526469517,1.688611759247184,1.3982167386826232,1.202284284523957,2.2849808796148543,1.7771321193875043,1.4468660778618243,2.3065606642386784,1.6888110022079599
2.162252555449313,1.643429201172702,1.7902534175284686,1.8541719256116673,1.6120200449759006,1.8758355142367023,1.6887117542475174,1.3900837554524341,1.2443854605425924,2.283980379281271,1.7849018566518648,1.4441624262875095,2.3179950418643416,1.6889109972082932
2.0800658844613658,1.643229181170035,1.7658582606937472,1.864617183473206,1.6102184230292722,1.8739337069471058,1.6888117492478507,1.276803068993468,1.243485055299428,2.2588676784661956,1.7825992075891892,1.4477559617976397,2.309357848468678,1.6890109922086265
2.022860410690587,1.6172957991435306,1.7196048761762852,1.8630159021062322,1.5950032572227917,1.843680663776085,1.688911744248184,1.2644267979254125,1.2467796222488583,2.2381546368686536,1.7761786397862664,1.446555241221121,2.3103573488017615,1.6891109872089598
2.0898646394710605,1.6183951945868316,1.717502668084415,1.8643150578378522,1.6145117236108348,1.8628948826998895,1.689011739248517,1.3527123627927728,1.2221795053806255,2.262164089329006,1.7643084672157792,1.4573962643989957,2.302325177104497,1.689210982209293
2.040989471688924,1.5866981078435771,1.6977080407562353,1.8692030919106282,1.5969585643632458,1.8613937565736223,1.6891117342488504,1.3193623831112187,1.2289564896596492,2.2380762937999155,1.778014114271891,1.432488628692811,2.332757384224699,1.6893109772096264
2.132109065056408,1.6233192912992225,1.6660109540129808,1.8686029118385958,1.6014484696360975,1.8749021065984146,1.6892117292491837,1.4148543645704394,1.2330481075629027,2.2317563650550962,1.7703850871074,1.4472787141654462,2.3587174858942306,1.6894109722099597
2.170175265862864,1.6310890285635833,1.640487996781895,1.881222943194698,1.5997470229963402,1.8873246265969716,1.689311724249517,1.4539789192544896,1.2273318005667937,2.2250338192942696,1.7793448284788718,1.445877733249818,2.362510284132927,1.689510967210293
2.1761573375404115,1.6662631035712372,1.6313463388646117,1.8843181481020004,1.615915604157924,1.9121147954041904,1.6894117192498503,1.410235996306571,1.2535841717108593,2.2066661619360843,1.7767414426087567,1.451263205526156,2.4162406065538944,1.6896109622106263
2.2421323264639446,1.6760153950139156,1.6684494268161139,1.8486909704588492,1.6477049266473311,1.8796949041480793,1.6895117142501836,1.4895091772010787,1.2737788789963786,2.2172103758117556,1.7640613894513824,1.4575434434833063,2.422222678231442,1.6897109572109597
2.26183690973828,1.6515177634135154,1.6766159894825072,1.8413641950723885,1.6548791303953316,1.8763894471393527,1.689611709250517,1.5104875835862706,1.2671570026874917,2.257584269950029,1.7519888082171131,1.4753833616116374,2.39444029721899,1.689810952211293
2.29614171343027,1.6679814894441805,1.6875559295208413,1.8221813756556144,1.663739758827528,1.8968781135666681,1.6897117042508503,1.5440190667950628,1.2624459229573723,2.2534758419054857,1.754585434064379,1.477081918247219,2.3990297495527977,1.6899109472116263
2.300631618703122,1.693941591113712,1.67173137917387,1.8362815000343962,1.664139678848855,1.93176251542017,1.6898116992511836,1.5279913057178658,1.2726932394089219,2.2401879475785504,1.76967107148242,1.4707619895023996,2.4051112198686653,1.6900109422119596
2.3292190755550344,1.68913003411649,1.6461058315348973,1.8465288164859457,1.6555024854531912,1.9324622705344434,1.6898116992511836,1.5834260126059663,1.2557505186786098,2.226089023199049,1.782291102838522,1.4692608633761326,2.4266769977832263,1.6900109422119596
2.3164377411903017,1.6819039890247502,1.624984334912786,1.8661353461248638,1.6409977992503095,1.926544796770406,1.6898116992511836,1.5553351324394407,1.2551503386065774,2.217653544377947,1.7981644519948121,1.4698606834481,2.4383090820129336,1.6900109422119596
2.2987828059515807,1.6826037441390236,1.6216788779040594,1.8883859550596838,1.6263916468609474,1.9438934351050188,1.6898116992511836,1.541337622795587,1.2502382942455568,2.231950849078771,1.8135455540331147,1.469660663445433,2.4536901840512364,1.6900109422119596
2.2748998654882486,1.6692145070200075,1.6100110730363772,1.913566253589982,1.6086349252716885,1.944193390114017,1.6898116992511836,1.529366251014367,1.2718040721601174,2.2061200890442496,1.8210175688718158,1.4627367483726088,2.478967991235505,1.6900109422119596
2.213130839090617,1.6366913153144476,1.5857183804673327,1.9439014533860548,1.6060315394015736,1.9411888810937181,1.6899116942515169,1.4396603379298738,1.2861999524438497,2.182237148580918,1.8492162232304945,1.4537969068031344,2.472245445474678,1.6901109372122929
2.1341958510024748,1.5981583655976639,1.5719236694451433,1.9633118469058783,1.608328898450257,1.9150502234840232,1.6899116942515169,1.330737930705687,1.288497311492533,2.2043899532220514,1.8624285547026294,1.473207300322958,2.4515324038771364,1.6901109372122929
2.24170405871776,1.6334289796795831,1.5697212458899434,1.9447404613204429,1.5998934196291557,1.900444071094661,1.6899116942515169,1.4148033058233545,1.2447543885446144,2.176196218851269,1.8665201726058829,1.4543302445532686,2.4450111868868714,1.6901109372122929
2.2389001313850256,1.6306250523468488,1.5655124011158887,1.9617942158862705,1.6149790570471965,1.9394724580621396,1.6899116942515169,1.367921319923224,1.2416495735911357,2.163819947783214,1.8810146187563355,1.4561286264946482,2.4977933723258405,1.6901109372122929
2.246272885714439,1.6265166243023055,1.5824678417653022,1.9709521536710364,1.6392813495701613,1.9579997626760233,1.6899116942515169,1.354532082804208,1.2438471571346228,2.173275106553969,1.8867978635120628,1.4642951891610414,2.5214122379244746,1.6901109372122929
2.295539127017357,1.647690859533712,1.5713057770591101,1.952278888405415,1.6251824251906597,1.8751614843670186,1.6899116942515169,1.4128009909281838,1.2592282591729251,2.1794559656290504,1.8623002319116626,1.4503990839689302,2.4484113450399843,1.6901109372122929
2.3387901690116717,1.6317647089834528,1.5724051725024113,1.9504772664587868,1.6250824201903264,1.8723575570342843,1.6899116942515169,1.4649189451902906,1.2536125203872894,2.177453962958377,1.8507335955401971,1.4477956980988154,2.4046684220920653,1.6901109372122929
2.369416362553433,1.626953151986231,1.5812658009346077,1.9453642170719636,1.6330505898395031,1.8871476425069198,1.6899116942515169,1.4622152936159758,1.25989275834444,2.175652341011749,1.8672956838391754,1.4629798334238553,2.4443697889436176,1.6901109372122929
2.3608800315311465,1.6208344709780538,1.5766551883769244,1.9568974528856369,1.6398275741185269,1.9248287094746082,1.6899116942515169,1.4476091412266137,1.2681585027614726,2.152178984826107,1.8919882964295467,1.4611782114772272,2.5067810490650144,1.6901109372122929
2.2969813056809145,1.6197338655340205,1.571441621324037,1.9776799920681651,1.6631533994220236,1.98911719935697,1.69001168925185,1.3280370060857687,1.2777127155662842,2.149475333251792,1.9123789860772806,1.4730079632308044,2.5692862544164115,1.6902109322126262
2.3351437667752633,1.6292880783388324,1.5755332392272905,1.9645947525195098,1.6667469349321538,1.9777528692779203,1.69001168925185,1.3846063575736631,1.242292770335024,2.1728988481953797,1.9095750587445464,1.4854304832293614,2.563972159592643,1.6902109322126262
2.3430127251539585,1.6018141013380773,1.573030109009172,1.971967506848923,1.6684454915677354,2.007894026189907,1.69001168925185,1.3923760948380237,1.2309284402559741,2.153206214849644,1.9233793397209435,1.4771966783022579,2.6056897529445116,1.6902109322126262
2.368193023684257,1.6060053059565453,1.5863411230688444,1.957361354459561,1.6616222662196098,1.9831914135495352,1.6901116842521833,1.4217407034679277,1.2239038253190098,2.1619677205182164,1.9148430086986572,1.4788952349378395,2.5936171717102425,1.6903109272129595
2.3951270249243377,1.612782290235569,1.601919153032163,1.9465026111246848,1.6775940357293084,1.9728380014700435,1.6902116792525166,1.4555622519434384,1.233656116761688,2.174883945784763,1.9023654871875446,1.474585963349741,2.578503533900194,1.6904109222132926
2.377370303335079,1.6049517111203806,1.6376723227379808,1.9318964587353227,1.6998446446641282,1.9740372820455259,1.69031167425285,1.463232758247658,1.2249180508184028,2.181859559521188,1.9033649875206282,1.481660877021703,2.579602929343495,1.690510917213626
2.3851400405994396,1.6079472201001788,1.6295393395077917,1.9358884800048601,1.7089034891524744,1.9775311712997818,1.6904116692531832,1.4809744397238154,1.2034901034047822,2.1888351732576132,1.9023644871870444,1.482760272465004,2.601070835958736,1.6906109122139592
2.396870963475138,1.6266708340982814,1.6641339842722909,1.9184370863911044,1.717565862231127,1.947896366170091,1.6905116642535165,1.5135384305970778,1.2135394392577836,2.2227533914610738,1.8908990090777666,1.4968603968437857,2.5878842741545602,1.6907109072142925
2.4510750174886504,1.6323546505665791,1.673589143043046,1.8989484098072418,1.7318631669319513,1.928611604758224,1.6905116642535165,1.5647067171714772,1.21733223749648,2.2458838088499284,1.8819591675082923,1.5077014200216605,2.59813159060611,1.6907109072142925
2.4638925211992646,1.6288485112372915,1.674688538486347,1.8925278420043192,1.7365521564180828,1.9422186081644408,1.6905116642535165,1.5552622583434776,1.2282721775348142,2.236943967280454,1.8904232459204215,1.5115938347370044,2.6398491839579785,1.6907109072142925
2.5034016542939774,1.6379073557256376,1.6720851526162321,1.8968186234214754,1.7487771260406517,1.9615309191968135,1.6905116642535165,1.563131216722173,1.239508809460802,2.2077211086035504,1.9074770004862491,1.5139909593367258,2.69044723672107,1.6907109072142925
2.5187827563322798,1.6146387287862833,1.6777689690845299,1.8990162069649625,1.7529683306591197,1.9643270064988148,1.6905116642535165,1.6059991169493486,1.2272337785851894,2.226150244071918,1.9065765952430849,1.5304546853673906,2.7353249954991554,1.6907109072142925
2.546397923365253,1.6353233199791157,1.70236401593991,1.882683552344065,1.7450369603328395,1.9449402926986248,1.6905116642535165,1.590986996828845,1.2193024082589092,2.2351099854433896,1.9022673236549865,1.5180784142993353,2.71430562827508,1.6907109072142925
2.534325342130984,1.6487330068890338,1.701063170206862,1.878775927513048,1.7453369153418374,1.9512205306557753,1.6905116642535165,1.5531812820929463,1.2223976131662115,2.231001557398846,1.9128115375306578,1.528721574397815,2.7319490634476753,1.6907109072142925
2.589286900204958,1.6665729250173646,1.7071446405227297,1.8632561158550112,1.7508218455724072,1.9686674442594958,1.6905116642535165,1.6066272577985723,1.2153729982292472,2.240555770203658,1.9107093294387876,1.5227035020722521,2.745556066853892,1.6907109072142925
2.561812923204203,1.666172844996025,1.6790537603562041,1.8707281306937122,1.729291727022044,1.969167319301147,1.6905116642535165,1.5964759067421967,1.23223011529567,2.2427533537471454,1.9082061992206691,1.523603097315088,2.7265771002560895,1.6907109072142925
2.598819648833299,1.6929121421856466,1.6669811791219349,1.8653134979922132,1.7161051652178685,1.998531927931051,1.6905116642535165,1.6647885469242842,1.2408924883743226,2.246645768462489,1.9054022718879349,1.5318688417321207,2.7556503477417964,1.6907109072142925
2.639769635162253,1.677696976379166,1.6779211191602692,1.893803768391841,1.724767538296521,1.9999309488447583,1.6905116642535165,1.6975461111624564,1.2298315410148977,2.26811367507773,1.9036006499413065,1.5450811732042555,2.764411853410369,1.6907109072142925
2.6704928078050933,1.6914026234352781,1.6805177450075353,1.89699865928836,1.7257670386296045,2.00442085411761,1.6905116642535165,1.7036275814783244,1.2264257478800649,2.265510289207615,1.9060975301398937,1.5511626435201236,2.799006498174868,1.6907109072142925
2.6982052463716295,1.6863900816117336,1.6774129300540563,1.892287579558241,1.7265667188001688,2.005020674189578,1.6905116642535165,1.720386365293279,1.2297203148294948,2.260397239820792,1.9100895514094312,1.547957512571175,2.816453411778589,1.6907109072142925
2.66444161621882,1.6924715519276017,1.6558828115036932,1.8552085713168203,1.7121634884894248,2.021386028275842,1.6905116642535165,1.68765654067036,1.2690371772064453,2.2726222094433615,1.9015532203871448,1.5589963596863916,2.822932377876298,1.6907109072142925
2.7098928791227372,1.6937707076592219,1.6521759495723667,1.850497491586701,1.7083562501464709,2.0420706194686744,1.6905116642535165,1.739679568737512,1.2535173655484084,2.273122084485012,1.9086281340591067,1.5639839011974306,2.8313964562884273,1.6907109072142925
2.7141836605398937,1.6822040712877564,1.7012517872189594,1.8702020748610364,1.727472367338701,2.0090307653904746,1.6905116642535165,1.7371764385193935,1.2614855351975853,2.2829734005353863,1.9186774699121083,1.5668797043094562,2.8172975319089257,1.6907109072142925
2.7122818532502975,1.6403398671890574,1.7121917272572935,1.9047001152686036,1.7384123073770352,1.96924989537863,1.6905116642535165,1.7480174616972683,1.2441358968624723,2.2905446660317046,1.9277363144004545,1.5619676599484356,2.789103797538144,1.6907109072142925
2.7326725428980314,1.6214628114193683,1.7085852316631818,1.9081940045228596,1.7272502426708434,1.979398226430445,1.6905116642535165,1.7621175860760498,1.2383190115409075,2.2874398510782257,1.9348112280724163,1.5621676399511015,2.7878029518050953,1.6907109072142925
2.758437750784058,1.6513128333882539,1.7019633553542948,1.8881953580161697,1.7082712760730405,1.9863738401668702,1.6905116642535165,1.7766120322265024,1.2571407657814953,2.2856382291315978,1.9409920871474975,1.5552437248782773,2.7898009544677684,1.6907109072142925
2.7378267968799337,1.6080921309336902,1.701763335351628,1.8989374545480717,1.7127611813458925,1.9837704542967551,1.6905116642535165,1.7570213824614982,1.2613319703999633,2.2874366110729767,1.9333630599830063,1.5544434047075084,2.7923975803150345,1.6907109072142925
2.7793525437084314,1.6112870218302096,1.6962481546635177,1.8935228218465727,1.705937955997767,1.9913417197930734,1.6905116642535165,1.7547187333988226,1.264726203467979,2.2839304717436892,1.9337629800043332,1.5565412027896546,2.7978825105456044,1.6907109072142925
2.7594559119939754,1.5730658090100118,1.6842767828822978,1.9036711528983878,1.7010259116367463,1.9962297538658493,1.6905116642535165,1.7128545293001238,1.2476817688587203,2.2839304717436892,1.9289514230071112,1.55943700590168,2.8107987358121505,1.6907109072142925
2.784343627501754,1.6107468759777004,1.6673340621519857,1.8973512241535686,1.698923703544876,1.9965297088748473,1.6905116642535165,1.6947923864817152,1.2314507557483032,2.257381136510153,1.9465948581797066,1.551304022671491,2.8223319716258235,1.6907109072142925
2.8095239260320524,1.5878875818316178,1.6370810189809646,1.911352743789382,1.7007220854862555,2.0066780399266624,1.6905116642535165,1.7029589491481087,1.2107377141507616,2.246724556321624,1.9485928608423795,1.5499030417558628,2.8269214239596305,1.6907109072142925
2.80892374596002,1.61647503868353,1.6580594253661567,1.8977607902699152,1.7096818268577274,2.0170243319808066,1.6905116642535165,1.6735301384572965,1.229461328148864,2.2389947582596825,1.9585431916955476,1.539044298420987,2.8461356428834352,1.6907109072142925
2.7773298743688413,1.6081404018934726,1.622743080238589,1.9115650712463124,1.6925356680227568,2.053934686000904,1.6905116642535165,1.6707262111245622,1.2224367132118996,2.229348381207877,1.9754003087619703,1.5371424911313905,2.885260197567485,1.6907109072142925
2.836824446154481,1.610437760942156,1.6052916866248332,1.9010095573067955,1.676406286092873,2.0247118273240003,1.6905116642535165,1.72587705558941,1.2107689083442175,2.23373872950917,1.9656529573070904,1.5340376761779118,2.8518068213082657,1.6907109072142925
2.82556125387577,1.6409669659769788,1.600781531146947,1.9021089527500967,1.670891105404763,2.054464785473348,1.6905116642535165,1.7128931280311155,1.2187370779933944,2.2257065578119057,1.970043305608383,1.5292261191806897,2.8729810565396723,1.6907109072142925
2.8314439170339254,1.6100953023098918,1.6190142994080068,1.9031084530831803,1.6656775383518756,1.9774757439452126,1.6905116642535165,1.7605397814984685,1.2422582730347402,2.2339723022289384,1.9510643390105802,1.5183673758458136,2.858273427667398,1.6907109072142925
2.844952267058718,1.6180634719590685,1.6057264050810713,1.885555293835591,1.6584514932601362,2.035084056565526,1.6905116642535165,1.7564313534539253,1.2600981911630713,2.2264440358081465,1.9418217576436478,1.5134553314847932,2.8903533211308097,1.6907109072142925
2.8295340143303376,1.646359341113916,1.5976942333838071,1.8898460752527473,1.6430332405317554,2.065128177913903,1.6905116642535165,1.7300873781143231,1.2802928984485904,2.2293398389201724,1.945016648540167,1.517845679786086,2.9084878913262924,1.6907109072142925
2.844816637861494,1.6004201091724708,1.554682342790516,1.8867412602992686,1.6164839052982187,2.1626177991911595,1.6905116642535165,1.7379563364930184,1.2477697067430304,2.199602020656216,1.9659950549253589,1.5179456747864193,2.91972452325228,1.6907109072142925
2.782515611664115,1.6045117270757243,1.5814216399801375,1.8929221193743495,1.627918282923882,2.1406788916724055,1.6905116642535165,1.672457354260323,1.2670820177754034,2.1984013000796967,1.9658950499250256,1.520642036334162,2.9201244432736067,1.6907109072142925
2.7512313216243482,1.5761122525540263,1.5872048847358649,1.906430469399142,1.622805233537059,2.191847178246805,1.6905116642535165,1.6245268205027728,1.285314786036463,2.1764623925609428,1.9755483069531639,1.5210419563554887,2.9590566532753946,1.6907109072142925
2.825874864620114,1.5548886161023996,1.586104279291832,1.915489313887488,1.627295138809911,2.15196224454789,1.6905116642535165,1.690782616279838,1.2599969780521731,2.185818487484968,1.9811326852470645,1.5111936203006744,2.929524850669357,1.6907109072142925
2.831459242914015,1.5877429529733469,1.5803879722957226,1.8875012773473192,1.6172448029564097,2.1747994784506472,1.6905116642535165,1.6774947219529026,1.2727157504599478,2.160192939845995,2.0016213516743804,1.4959784544941939,2.9548026578536253,1.6907109072142925
2.809520335395261,1.5576960316210502,1.555480336589538,1.8872012323383174,1.618943359591991,2.2081375380611576,1.6906116592538498,1.6651184508848473,1.297310797315328,2.1488286097669453,2.006011699975673,1.4892559087333672,2.987076218403921,1.6908109022146258
2.7500887516258343,1.5224832758653057,1.5778287402532998,1.9094518412731372,1.6482108572725593,2.221941819037555,1.6907116542541831,1.5952323234206809,1.290588251554501,2.134425379456202,2.0322640711197386,1.5104301439647738,2.999498738402478,1.6909108972149591
2.7493885065114414,1.532136532893444,1.5730171832560775,1.9410474028628877,1.6686995236998747,2.179869042615647,1.6909116342568495,1.5842724831843389,1.3048855562553254,2.130618141113248,2.0348606969670047,1.5229514245184452,2.993782431406369,1.6911108772176253
2.8166732533170373,1.5429775560713188,1.584056030371294,1.9518884260407625,1.6689994787088729,2.127943969750728,1.6911116142595157,1.6519311316581538,1.3223324698590462,2.1288165191666195,2.047085666589574,1.5136079095152928,2.9789733157526603,1.6913108572202917
2.825831191101803,1.5545107918849919,1.6160390762243448,1.9216353828697414,1.6879193635613836,2.064471546795154,1.691211609259849,1.683720454147561,1.3270214593451777,2.15953969180946,2.0306513601261487,1.5220719879274223,2.956829951066971,1.691410852220625
2.843474626274398,1.5470832760561954,1.5979769334059362,1.909360351994129,1.661061909391501,2.083195160793257,1.6913116042601823,1.6744778727806287,1.330216350241697,2.1391328820317974,2.038321866430368,1.5088854261232467,2.9860974487475387,1.6915108472209583
2.842974501232716,1.551473624357488,1.5829648132854328,1.920893587807802,1.6799817942440116,2.125104563870466,1.6915115842628485,1.6409210892517856,1.3396715090124522,2.1246281958289157,2.059789773045609,1.5328948785835985,3.047474728422442,1.6917108272236243
2.8817143295486467,1.5801582582173972,1.5731164772306183,1.935092307207615,1.6697294177796604,2.0928912415058143,1.691711564265515,1.6902825187895099,1.3423678705601947,2.1448229031144352,2.060389593117577,1.5191001675614093,3.037222351958091,1.6919108072262907
2.8867018710596857,1.595243895635438,1.6044213270590308,1.9226147856965023,1.6641136789940245,2.060781187587581,1.691911544268181,1.691481799364992,1.3422678655598612,2.1681487284179317,2.0521557881904737,1.511370369499468,2.995253867135589,1.692110787228957
2.889198751258273,1.6122976502012656,1.5909307368765315,1.9039415204308812,1.6636135539523424,2.0555676205346938,1.6921115242708473,1.7068629014032943,1.3628544991682496,2.163236684056911,2.0537545095541705,1.5195369321658614,3.0246184757654935,1.692310767231623
2.8687919414806102,1.5717881068630557,1.6315927185954213,1.9174498704556733,1.6658111374958295,2.0613508652904207,1.6923115042735135,1.6902252602502712,1.3673444044411016,2.2135494979305004,2.029973980888767,1.5324531574324076,3.008692325215234,1.6925107472342895
2.9162478826369056,1.6397270898712486,1.7126195572377947,1.910626645107548,1.7033958978231007,2.018860813669469,1.6924114992738468,1.6679796513029514,1.3661436838645828,2.239801869074566,2.012726087479214,1.5408180737640353,2.9650538681854046,1.6926107422346228
2.9341860277679186,1.6429219807677677,1.7472142020022938,1.9200818038783032,1.7012936897312305,2.01585630464917,1.6927114542828448,1.6958866045559593,1.3570020259472995,2.2575435505507233,2.0114252417461658,1.5460046004513355,2.9426037393478124,1.6929106972436205
2.953400246691723,1.6306469498921552,1.719226165462125,1.920581678919954,1.691243353877729,2.0063108918056387,1.6931113743041717,1.730867573451205,1.369523306500971,2.2672958419934015,2.0053065607379885,1.549099805358638,2.9713855407732646,1.6933106172649475
