dates,US_Mkt,US_SMB,US_HML,US_RMW,US_CMA,US_MOM,US_RF
1963-06-30,1.0,1.0,1.0,1.0,1.0,1.0,1.0
1963-07-31,0.9961,0.9954,0.9918,1.0072,0.9884,1.0099,1.0027
1963-08-31,1.04660227,0.98733726,1.00796634,1.0114302400000001,0.9844463999999999,1.0208069199999998,1.00520675
1963-09-30,1.0301706143609999,0.9825980411519999,1.009881476046,1.0033387980800001,0.9867106267199999,1.022133968996,1.0079208082249997
1963-10-31,1.0562339309043334,0.9699225264211391,1.0087706064223494,1.0309306150272002,0.964410966556128,1.0542289756224745,1.0108437785688522
1963-11-30,1.0472559424916466,0.9617751771992016,1.0255161984889605,1.0274254509361078,0.985820890013674,1.046322258305306,1.013573056770988
1963-12-31,1.0664207262392436,0.9437899813855765,1.0243881306706226,1.0292748167477928,0.9827648452546316,1.0641097366964962,1.0165124186356238
1964-01-31,1.0903085505070027,0.9446393923688234,1.0411880960136206,1.031436293862963,0.9976045944179764,1.0753892999054788,1.0195619558915305
1964-02-29,1.1070993021848106,0.9474733105459298,1.070653719130806,1.0318488683805083,1.0062837543894128,1.0780777731552424,1.0222128169768485
1964-03-31,1.1227094023456163,0.9610221788867366,1.1066276840936013,1.01110870612606,1.0358684967684617,1.0857321253446448,1.0253816767094768
1964-04-30,1.123832111747962,0.9464146417676581,1.1019798478204081,0.9970542951109077,1.0245775301536852,1.0793263058051115,1.0283552835719343
1964-05-31,1.139790527734783,0.9400736636678148,1.1226970689594318,0.9942625430845972,1.0270365162260542,1.1067411939725613,1.0310290073092212
1964-06-30,1.1542658674370145,0.9407317152323822,1.1307804878559398,0.9906831979294926,1.028371663697148,1.1119428775842324,1.0341220943311487
1964-07-31,1.1743500935304187,0.9451531542939743,1.1386959512709314,0.9908813345690785,1.0480135624737634,1.1083846603759628,1.037224460614142
1964-08-31,1.1574394521835807,0.9479886137568562,1.1400623864124566,0.9899895413679662,1.0516816099424218,1.1061678910552109,1.0401286891038615
1964-09-30,1.188574573447319,0.9450498490542099,1.158873415788262,0.9864255790190416,1.0578865314410821,1.101964453069201,1.0430410494333522
1964-10-31,1.1955871634306583,0.9536498026806033,1.1720845727282483,0.9846500129768072,1.062647020832567,1.103397006858191,1.0460658684767088
1964-11-30,1.1955871634306583,0.9509795832330976,1.1491117151027748,0.9907548430572635,1.0608405208971514,1.1155343739336312,1.0490994594952912
1964-12-31,1.1959458395796874,0.9456540975669921,1.119464632853123,1.0033374295640907,1.0434427363544383,1.1076140798787024,1.0523516678197267
1965-01-31,1.2382823223008084,0.9691063191866536,1.1217035621188294,1.0108624602858214,1.0450079004589699,1.0932150968402792,1.055298252489622
1965-02-28,1.243730764518932,1.001086827719813,1.1238347988868551,1.0134907026825644,1.0380063475258947,1.096276099111432,1.0584641472470906
1965-03-31,1.2270647722743784,1.0212086729569814,1.1358598312349444,1.010146183363712,1.045791395132339,1.097262747600632,1.0622746181771803
1965-04-30,1.2652264866921112,1.0333610561651694,1.1438108500535888,1.0135806803871488,1.0217381930442953,1.1251332213896883,1.0655676694935297
1965-05-31,1.255484242744582,1.0337744005876355,1.1252811142827206,1.008816851189329,1.0291968818535187,1.1310964274630537,1.0688709292689595
1965-06-30,1.1863070609693556,0.9892187239223083,1.1318077447455606,1.0101283130958754,1.0337253481336741,1.09569310928346,1.0726119775214011
1965-07-31,1.2032712519412172,0.9996055205234925,1.1568206959044374,0.9956834782186043,1.0337253481336741,1.1405069574531534,1.0759370746517176
1965-08-31,1.2361205571192126,1.0269947117858362,1.1444427144582598,1.0146014643047576,1.0262825256271118,1.169932036955445,1.0794876669980682
1965-09-30,1.2714736050528221,1.0333620789989084,1.1431838274723558,1.0037452286366968,1.0349032988423794,1.2087737805823655,1.0828340787657624
1965-10-31,1.3045319187841955,1.0685997258927713,1.1614747687119136,1.0161916694717916,1.02734850476083,1.250355598634399,1.0861908644099363
1965-11-30,1.3041405592085602,1.1242737716117845,1.1641461606799508,1.0052167994414962,1.0182051030684587,1.3054962805341759,1.0899925324353712
1965-12-31,1.3173123788565666,1.1542918813138192,1.1883604008220938,0.9938578496078074,1.0131140775531164,1.3074545249549774,1.093589507792408
1966-01-31,1.3267970279843342,1.2081973121711747,1.2307848671314425,0.965035971969181,1.0125062091065844,1.3784493056600327,1.0977451479220193
1966-02-28,1.3107427839457237,1.2660699634241739,1.235215692653116,0.9660010079411501,0.997824869074539,1.4410309041369982,1.1015872559397464
1966-03-31,1.277843140068686,1.269108531336392,1.209893770953727,0.9782692207420026,0.9974257391269092,1.4604848213428478,1.1057732875123174
1966-04-30,1.305188983266156,1.3117505779892946,1.2045702383615307,0.9821822976249707,0.9882494223269417,1.5511809287482388,1.1095329166898593
1966-05-31,1.2313152868132915,1.244195423222846,1.1846948294285655,0.9994687060631702,0.9734256809920375,1.477810070818447,1.1140820016482877
1966-06-30,1.2135843466831802,1.261240900520999,1.1904998340927653,0.999068918580745,0.9809210587356763,1.5267255841625376,1.1183155132545513
1966-07-31,1.1938029218322443,1.256195936918915,1.200261932732326,0.9940735739878412,0.99779290094593,1.5051987534258457,1.1222296175509423
1966-08-31,1.099373110715314,1.2177563412491963,1.2069833995556272,0.9967575726376083,1.0065734784742542,1.473890619354588,1.1268307589829012
1966-09-30,1.0877197557417315,1.2038739189589556,1.213018316553405,0.9850955090377482,1.031435843392568,1.4478027553920119,1.1313380820188328
1966-10-31,1.1297057383133624,1.1259832764023112,1.2471041312485558,0.950223128017812,1.0753750103210915,1.3735304740404015,1.1364291033879175
1966-11-30,1.1455216186497494,1.164942297765831,1.189737341211122,0.9898474324561548,1.0040776471368031,1.4522337702029164,1.140974819801469
1966-12-31,1.1470107967539942,1.1876586725722649,1.1743897295094987,0.9983601203752777,1.0018686763131022,1.4677726715440875,1.145538719080675
1967-01-31,1.2404921766894446,1.2956168459090838,1.1982298410185415,1.0040507730614168,0.9702096261416082,1.3686980162148616,1.1504645355727219
1967-02-28,1.2501680156676223,1.3355218447630834,1.1711498466115224,1.0256378646822373,0.9607015718054204,1.4174236655921109,1.1546062079007837
1967-03-31,1.3000497194927605,1.362098729473869,1.1733750313200844,1.0320993832297354,0.9454264168137142,1.437692824010078,1.1591091721115967
1967-04-30,1.3506216535810287,1.367819544137659,1.1435713055245542,1.0586243373787396,0.9104456393916067,1.4466065195189404,1.162818321462354
1967-05-31,1.2921397359809703,1.3998265214704804,1.1537490901437226,1.039039787137233,0.925376947877629,1.4551414979841022,1.1666556219231798
1967-06-30,1.3232803036181116,1.4905352800617675,1.1645943315910738,1.0323899324995547,0.9031679011285659,1.543032044462342,1.1698055921023724
1967-07-31,1.3838865415238213,1.5388286231357686,1.1954560813782371,1.0160781715660618,0.9277340680392631,1.5262129951777024,1.1734319894378897
1967-08-31,1.3715699513042592,1.5505237206716007,1.213029285774497,1.0212601702410489,0.9406295715850088,1.5046933919456968,1.1770696286051474
1967-09-30,1.4142257767898216,1.587736289967719,1.183067462415867,1.0210559182070007,0.9315995276977926,1.5430630734403121,1.180836251416684
1967-10-31,1.370526200287016,1.595357424159564,1.142961475439969,1.0302454214708634,0.9074710999304199,1.5995391819282276,1.185441512797209
1967-11-30,1.375597147228078,1.595197888417148,1.1234168342099455,1.0435355874078376,0.8866900117420131,1.6201732373751014,1.189709102243279
1967-12-31,1.4175528602185343,1.686283687845767,1.119035508556527,1.032787170857537,0.887576701753755,1.6725048329423173,1.193635142280682
1968-01-31,1.360000214093662,1.7626723389051802,1.1723015987638177,0.9927150286282644,0.9447366413466969,1.5949006086937938,1.1984096828498048
1968-02-29,1.3090002060651496,1.7113785738430394,1.1860175274693543,0.9916230420967734,0.9682605837162296,1.5406739879982048,1.203083480612919
1968-03-31,1.31161820647728,1.6850233438058566,1.179020024057285,1.0019359217345798,0.9569319348867497,1.5896674208165478,1.207655197839248
1968-04-30,1.4303196541634737,1.7893262887874393,1.166876117809495,1.0224756081301387,0.9217168396829173,1.6715352929886,1.2128481151899568
1968-05-31,1.462930942278401,1.9133266006004086,1.176677877199095,1.0202261617922523,0.9050337648846565,1.7338835594170752,1.2183059317083116
1968-06-30,1.4730251657801217,1.9083519514388476,1.1845616189763286,1.0100239001743299,0.9299221934189846,1.7005929950762673,1.2235446472146574
1968-07-31,1.4329588812709024,1.8822075297041352,1.2494755956962313,0.9782081473188384,0.9633064001627263,1.686137954618119,1.2294176615212875
1968-08-31,1.4521605302799325,1.92549830288733,1.2620952992127634,0.972730181693853,0.9674486176834259,1.7178373481649396,1.234581215699677
1968-09-30,1.5106825996502138,1.979027155707598,1.265124327930874,0.9513301176965882,0.9758654206572717,1.706499621667051,1.2398899149271856
1968-10-31,1.5170274665687447,1.970121533506914,1.3018129334408692,0.9382968950841448,1.002604133183281,1.6805608274177117,1.245345430552865
1968-11-30,1.5994020580034276,2.017995486771132,1.2900966170399013,0.943082209249074,0.977539029853699,1.7096345297320383,1.2505758813611871
1968-12-31,1.5363856169180925,2.0906433242948927,1.2903546363633094,0.9264839623662904,0.9935706699432996,1.7115151277147438,1.2559533576510402
1969-01-31,1.5171807967066164,2.080608236338277,1.312161629717849,0.9124014061383228,1.007281945188517,1.7089478550231716,1.2626099104465907
1969-02-28,1.42857743817895,1.995095237824774,1.3242335167112536,0.9315618356672275,1.0153402007500254,1.6670786325751041,1.268417916034645
1969-03-31,1.4662918825468743,1.9869153473496923,1.3182744658860528,0.9184268137843196,1.0107711698466502,1.7329282385618208,1.2742526384484043
1969-04-30,1.4876997440320585,1.97082133303616,1.3189336031189958,0.9213657795884295,1.0118830181334817,1.753203498952994,1.281006177432181
1969-05-31,1.4862120442880267,1.9672738546366948,1.3285618184217647,0.9120599852145864,1.0272636400091106,1.7826573177354044,1.2871550070838553
1969-06-30,1.3795020195081462,1.8596639747880677,1.3140804946009674,0.9507313285876848,1.0116492326809723,1.7429040595499048,1.293719497619983
1969-07-31,1.282936878142576,1.7971792652351886,1.3328718456737612,0.9632809821250423,1.0314775576415194,1.7714876861265232,1.300576210957369
1969-08-31,1.3429783240396485,1.8095798021653113,1.281422992430754,0.9750330101069679,0.9894964210455095,1.8092203738410184,1.3070790920121558
1969-09-30,1.302957569983267,1.833285297573677,1.2401611720744838,1.0074041060425192,0.980788852540309,1.8549936492991963,1.315182982382631
1969-10-31,1.3688872230244202,1.9044167671195356,1.2002279823336854,1.0058929998834554,0.9609769177189947,1.774672424284541,1.323074080276927
1969-11-30,1.3170063972717945,1.8587107647086667,1.1869054517297815,1.0191707874819171,0.9639559461639238,1.8385606315587846,1.3299540654943671
1969-12-31,1.2823691290235464,1.789938466414446,1.1504674543616773,1.040879125255282,0.9439056624837141,1.9312240873893474,1.338465771513531
1970-01-31,1.1784972295726392,1.8450685711800108,1.1856717584651444,1.020373806487753,0.9805292021880821,1.9433907991399002,1.3464965661426123
1970-02-28,1.2389541374497155,1.7978348157578026,1.23345433033129,0.9983337322676175,1.0101411840941623,1.9457228680988683,1.3548448448526964
1970-03-31,1.2258212235927484,1.7543272132164638,1.2858761393703697,0.9879510614520343,1.0548904385495337,1.9400802717813814,1.3625674604683569
1970-04-30,1.090980888997546,1.6439800315051483,1.3681722122900732,0.9782691410498043,1.117023485380101,1.9259176857973774,1.3693802977706984
1970-05-31,1.0154850114789158,1.5716449101189216,1.418110498038661,0.9643777192468971,1.1575714378993989,1.874110500049428,1.3766380133488831
1970-06-30,0.9566884293142867,1.537854544551365,1.4293135709731664,0.9645705947907465,1.1904464667357417,1.982434086952285,1.3846225138263069
1970-07-31,1.0229869374657667,1.5269357772850503,1.44403550075419,0.9632201959580395,1.2131839942503941,1.9241505247958879,1.3918225508982036
1970-08-31,1.0689190509579796,1.5504505882552402,1.4594866806122597,0.9694811272317667,1.2113642182590187,1.7990807406841554,1.3991992104179642
1970-09-30,1.1135998672880232,1.6819287981392845,1.3792149131785854,0.9732621036279706,1.139530320116259,1.6386027386151287,1.4067548861542214
1970-10-31,1.0882097903138561,1.6065783879826445,1.3819733430049426,0.9916567573865391,1.1667650947670376,1.7960724617960426,1.4132259586305307
1970-11-30,1.1381586196892621,1.5421545946245405,1.4051904951674254,1.0084157565863716,1.1853166597738334,1.8477993486957687,1.419726798040231
1970-12-31,1.203261292735488,1.5882650170038144,1.419101881069583,1.0091216476159819,1.1886355464212002,1.8069629830895921,1.425689650592
1971-01-31,1.2614991393038855,1.7084966787910032,1.4382597564640225,0.988535566004616,1.1869714566562104,1.687884122503988,1.4311072712642496
1971-02-28,1.2792862771680704,1.7433500110383398,1.4189870757274046,0.993873658061041,1.1784252621682858,1.7015559838962704,1.4358299252594218
1971-03-31,1.3321208004151115,1.7810063712767679,1.3622275926983085,1.013949905953874,1.146607780089742,1.680797000892736,1.4401374150352
1971-04-30,1.3740826056281876,1.7745947483401714,1.372308076884276,0.9994504222987336,1.1548633561063884,1.702815441604431,1.4441697997972984
1971-05-31,1.3193941179241857,1.7536545303097575,1.353370225423273,1.012343332746387,1.1583279461747074,1.7178002174905498,1.4483578922167104
1971-06-30,1.3180747238062616,1.728226539620266,1.3263028209148076,1.0275284827375828,1.1381730399112675,1.7641808233627945,1.4537168164179122
1971-07-31,1.2587613612349797,1.7040313680655823,1.3281596448640882,1.0327688779995448,1.15661144315783,1.722369737849096,1.4595316836835839
1971-08-31,1.3064684168257854,1.7007937084662577,1.3642855872043915,1.0290509100387462,1.1869146629685652,1.7828249156475993,1.4663914825968967
1971-09-30,1.2953634352827663,1.7043653752540366,1.3240391623818621,1.0550858980627267,1.1685174856925524,1.8200859563846339,1.4718171310825052
1971-10-31,1.2381083714432681,1.676584219637396,1.3176837744024292,1.0693295576865736,1.1537941653728263,1.8284583517840032,1.4772628544675106
1971-11-30,1.232413072934629,1.6281309356898752,1.2946243083503868,1.0933894727345215,1.1492943681278722,1.855336689555228,1.4827287270290403
1971-12-31,1.339756251587235,1.680719564912658,1.2915172100103458,1.0884692201072161,1.1287219989383832,1.8427204000662523,1.488214823319048
1972-01-31,1.373116182251757,1.7867729694586467,1.3181224645365588,1.068985621067297,1.1319952927353045,1.8471429290264112,1.492530646306673
1972-02-29,1.4125246166823824,1.8044620218562875,1.2818740967618036,1.0901515363644294,1.125882518154534,1.8970157881101242,1.4962619729224396
1972-03-31,1.4214235217674815,1.7958006041513772,1.2605949867555577,1.1062857791026228,1.1239685178736711,1.9522189475441285,1.50030188024933
1972-04-30,1.425545649980607,1.7983147249971891,1.2655113072039044,1.1011968645187509,1.1139651980645955,2.008833297022908,1.504652755702053
1972-05-31,1.4433649706053646,1.7416678111597779,1.2309628485172377,1.127625589267201,1.093245445380594,2.0727141958682367,1.509166713969159
1972-06-30,1.4082912018196543,1.7353978070396026,1.2011735475831207,1.1471335119615236,1.089419086321762,2.112717579848494,1.5135432974396694
1972-07-31,1.3970248722050969,1.6878479071267174,1.2104225838995106,1.158834273783531,1.0829915137124635,2.170817313294328,1.5182352816617326
1972-08-31,1.442567883038983,1.628435660795857,1.266586191792448,1.1338034534698067,1.1149397633669813,2.0548956687644107,1.5226381639785513
1972-09-30,1.4261226091723387,1.5916330148618707,1.27291912275141,1.1522844497613647,1.0929754500286517,2.090856342967788,1.5278151337360786
1972-10-31,1.433538446740035,1.5516830261888377,1.2897216551717288,1.1520539928714124,1.0925382598486404,2.1065377655400463,1.5339263942710228
1972-11-30,1.4994812152900767,1.5431487695447992,1.3511124059579032,1.1287825022154099,1.12913829155357,1.9982617243912881,1.5396019219298258
1972-12-31,1.508777998824875,1.515063461939084,1.3205772655832546,1.1563247952694657,1.1042972491393914,2.0977751582659745,1.5452984490409662
1973-01-31,1.4591392026635366,1.4726416850047894,1.3562328517540025,1.1616438893277052,1.1145672135563878,2.175812394153468,1.5520977622167464
1973-02-28,1.3883709513343552,1.4134414892675968,1.3792888102338203,1.1556033411032012,1.1144557568350322,2.221939616909522,1.558461363041835
1973-03-31,1.3704609660621418,1.3800842701208818,1.4183226835634375,1.1437006266898384,1.122591283859928,2.302373831041647,1.5656302853118274
1973-04-30,1.2926187831898124,1.338543733590243,1.499025244258197,1.123800235785435,1.1530135076525319,2.4497257562283123,1.573771562795449
1973-05-31,1.2546157909640319,1.2583649639481875,1.5021731972711392,1.1451524402653583,1.1323745658655515,2.6231663397692766,1.5817977977657058
1973-06-30,1.235043784624993,1.2264024938639038,1.5235040566723894,1.1413734372124826,1.1348657899104557,2.7362248090133323,1.5898649665343112
1973-07-31,1.2972899913700926,1.3153166746690368,1.4445865465367598,1.1414875745562039,1.096053379895518,2.4169073738014766,1.6000401023201307
1973-08-31,1.2474740557014812,1.2921671011948617,1.4617771264405472,1.124936004725139,1.110521284510139,2.499565605985487,1.6112403830363715
1973-09-30,1.3067290733473016,1.33790981657716,1.4926206238084425,1.099962425420241,1.1310659282735767,2.324096100445306,1.6221968176410186
1973-10-31,1.2954912033165147,1.335100205962348,1.5185922226627095,1.0786231543670883,1.1619440281154454,2.4807401776153193,1.6327410969556853
1973-11-30,1.1304456240139908,1.2376378909270966,1.5794877707914843,1.048313843729373,1.1794893829399884,2.694828054943521,1.6418844470986371
1973-12-31,1.137002208633272,1.180335256577172,1.6464580522730432,1.0166547656487461,1.2069714855624905,2.974551207046659,1.6523925075600683
1974-01-31,1.1350693048785954,1.3042704585177751,1.7429404941362434,0.9863584536324134,1.2594747451844588,2.7124932457058484,1.6628025803576967
1974-02-28,1.1296209722151782,1.3063572912514037,1.7873854767367179,0.9669271920958548,1.2936065107789576,2.716019486925266,1.6724468353237714
1974-03-31,1.0978786228959316,1.3404532165530652,1.7857768298076548,0.9955482369818921,1.2989102974731512,2.689402495953398,1.6818125376015847
1974-04-30,1.0398008437447368,1.332008361288781,1.8038131757887121,1.0235231424410833,1.3221607917979206,2.743190545872466,1.6944261316335967
1974-05-31,0.9912421443418576,1.289250892891411,1.7664742430498857,1.075313413448602,1.3205741988477633,2.7363325695077854,1.7071343276208486
1974-06-30,0.9631899916569832,1.289250892891411,1.7800760947213699,1.0825180133187076,1.3617761138518132,2.801457284662071,1.7173771335865737
1974-07-31,0.8856531973285959,1.3149069856599502,1.8729960668658254,1.0474444296871814,1.4241454598662264,2.886061294658865,1.7293987735216796
1974-08-31,0.8028446233783723,1.319114688014062,1.9209447661775907,1.046187496371557,1.4604611690928153,2.9726431334986314,1.7397751661628098
1974-09-30,0.7083498112067378,1.3383737624590673,2.027365106223829,1.0001552465312085,1.5467744241862005,3.101061316865772,1.7538673450087285
1974-10-31,0.8223941308110226,1.2466951597306213,1.8303052178988728,1.0003552775805147,1.501453933557545,3.0858661164131296,1.762812068468273
1974-11-30,0.7853041555114455,1.2286180799145272,1.828474912680974,0.9664432336705351,1.5457468245974926,3.1528294111392947,1.772331253638002
1974-12-31,0.7582111621463006,1.1751731934382454,1.8297548451198504,0.960741218591879,1.5956744470319917,3.2455225958267904,1.7847375724134678
1975-01-31,0.8617828068954854,1.325595362198341,1.9801606933887024,0.9516141770152562,1.5817920793428133,2.795693164045197,1.795089050333466
1975-02-28,0.9096979309588744,1.3168464328078318,1.8910534621862107,0.9617012872916179,1.5479417288448771,2.779478143693735,1.8028079332498999
1975-03-31,0.9338958959223804,1.369520290120145,1.9366278506248984,0.9745880845413256,1.5287472514072007,2.724166528634229,1.8101994457762245
1975-04-30,0.9733996923198971,1.3615770724374483,1.915131281482962,0.9890119881925371,1.5081091635132036,2.760397943465065,1.8181643233376397
1975-05-31,1.0239191363512998,1.4010628075381342,1.8369939251984573,0.9792207695094309,1.498909697615773,2.747424073130779,1.8261642463603251
1975-06-30,1.0733744306370676,1.4194167303168839,1.8605074474409973,0.9508233671936575,1.5149480313802617,2.748797785167344,1.8336515197704026
1975-07-31,1.0026390556580849,1.4678188408206896,1.89195002330275,0.9552922370194675,1.5329759129536868,2.7606176156435636,1.8424530470653004
1975-08-31,0.9740638425718295,1.4267199132777102,1.8749224730930252,0.9654183347318739,1.519332427328399,2.757028812743227,1.8512968216912136
1975-09-30,0.9325687228782696,1.426862585269038,1.881484701748851,0.9718866375745774,1.5269290894650407,2.7658513049440057,1.8611086948461772
1975-10-31,0.9820881220631056,1.3665062979121576,1.8871291558540972,0.9678047136967641,1.561590379795897,2.7619791131170843,1.871530903537316
1975-11-30,1.008113457297778,1.3520213311542888,1.9246830260555938,0.9626753487141714,1.5882935752904068,2.7495502071080575,1.879204180241819
1975-12-31,0.9919836419810134,1.3516157247549425,1.9585574473141725,0.9617126733654572,1.5978233367421493,2.746250746859528,1.8882243603069795
1976-01-31,1.1126088528459046,1.437578484849357,2.1264058205489973,0.9439209889081962,1.635531967489264,2.8687335301694628,1.897099014800422
1976-02-29,1.1161692011750115,1.5522972479403359,2.249099436394675,0.9188126906032382,1.6983363950408517,2.879060970878073,1.9035491514507437
1976-03-31,1.1421759435623895,1.5316516945427294,2.2486496165073957,0.9137592208049204,1.7168482617467968,2.8845311867227412,1.9111633480565466
1976-04-30,1.1251575220033099,1.533642841745635,2.247300426737491,0.9177797613764621,1.697962930867582,2.8989538426563546,1.9191902341183842
1976-05-31,1.1100804112084655,1.516466041918084,2.2174113310618826,0.941183145291562,1.6738518572492624,2.8667754550028692,1.9262912379846222
1976-06-30,1.1550386678624083,1.4993299756444096,2.2324897281131033,0.9362889929360458,1.6894186795216808,2.8544483205463567,1.9345742903079561
1976-07-31,1.1426797541162805,1.508625821493405,2.2713350493822713,0.9258961851144557,1.6953316449000067,2.851308427393756,1.9436667894724033
1976-08-31,1.1362807474932293,1.4780007173170888,2.288824329262515,0.9218222418999522,1.6861768540175468,2.8270723057609093,1.9518301899881874
1976-09-30,1.1596881308915898,1.4799221182496012,2.2821867387076535,0.9309482820947618,1.6669544378817467,2.833857279294735,1.9604182428241352
1976-10-31,1.1316236781240132,1.4821420014269757,2.2792198959473335,0.9288071010459438,1.6622869654556778,2.8202547643541203,1.9684559576197143
1976-11-30,1.1356975233652598,1.522159835465504,2.3138640383657334,0.9174756544131834,1.6639492524211332,2.901478101567519,1.976329781450193
1976-12-31,1.199864433435397,1.5772620215093551,2.3652318200174527,0.9135305090992066,1.7003897410491562,2.9241096307597454,1.984235100575994
1977-01-31,1.1512699238812634,1.6706359331827088,2.466227218732198,0.9094196218082603,1.7321870292067754,3.0401967831009076,1.9913783469380675
1977-02-28,1.1288201603655788,1.6893470556343553,2.4783117321039856,0.907964550413367,1.7290690925542032,3.051749530876691,1.998348171152351
1977-03-31,1.1133553241685703,1.7114775020631656,2.5038383429446562,0.9045142851217962,1.7271671165523934,3.066397928624899,2.00594189420273
1977-04-30,1.1150253571548232,1.7217463670755446,2.590220765776247,0.8864239994193602,1.7466841049694357,3.196413200798595,2.0135644734007
1977-05-31,1.0987459869403629,1.7441290698475265,2.61171959813219,0.8897037682172119,1.7480814522534112,3.261300388774806,2.021014661952283
1977-06-30,1.150496922925254,1.780406954500355,2.5947434207443307,0.8981559540152755,1.7271044748263702,3.319351535694998,2.0290987206000923
1977-07-31,1.131053524927817,1.8126323203768113,2.5789154858777903,0.9032754429531625,1.7277953166163007,3.329641525455653,2.0376209352266126
1977-08-31,1.1112600882415804,1.8287647480281648,2.506705852273212,0.913121145281352,1.717428544716603,3.270373906302542,2.0465864673416094
1977-09-30,1.108259686003328,1.8571106016226016,2.494422993597073,0.9234394142230313,1.7033456306499266,3.337416571381744,2.055386789151178
1977-10-31,1.0597179117563824,1.8849672606469403,2.537077626787583,0.9211308156874738,1.6985762628841068,3.3334116714960857,2.065458184418019
1977-11-30,1.1021066282266376,1.9528260820302303,2.5462111062440185,0.9197491194639427,1.7097868662191418,3.4070800694361494,2.075785475340109
1977-12-31,1.1050823161228496,1.9842665819509169,2.5372993673721647,0.9292225353944212,1.6983312942154736,3.4602305185193534,2.085956824169275
1978-01-31,1.0386668689238663,2.0374449263472014,2.6205227866219714,0.9133328300391766,1.7241459298875488,3.435316858786014,2.0961780126077043
1978-02-28,1.024333266132717,2.1116079216662396,2.641486968914947,0.9151594956992549,1.7420770475583793,3.500587879102948,2.1058204314656996
1978-03-31,1.0535267642174992,2.1903708971443905,2.675033853420167,0.9107667301198985,1.7748280960524767,3.548545933046659,2.116981279752468
1978-04-30,1.1365446732378381,2.1833617102735285,2.581942675321145,0.9347198951220519,1.751222882374979,3.578708573477555,2.1284129786631314
1978-05-31,1.1565478594868241,2.2835780127750835,2.565676436466622,0.938926134650101,1.757177040175054,3.6807017678216654,2.1392678848543136
1978-06-30,1.1370022006614968,2.320115260979485,2.5805573597981284,0.9257811687649996,1.7570013224710364,3.7830252769671078,2.1508199314325274
1978-07-31,1.195103013115299,2.323827445397052,2.552429284576329,0.9396678862964745,1.7432967121557623,3.9434255487105134,2.1628645230485493
1978-08-31,1.239919376107123,2.4395540521778254,2.5401776240103624,0.953387037436403,1.7504442286756008,4.0562075194036336,2.1749765643776215
1978-09-30,1.2221885290287913,2.4319914346160743,2.587678945579356,0.9465226507668609,1.7819522247917616,3.9292482240463,2.188461419076763
1978-10-31,1.0766258752214621,2.186846698006774,2.6228713792392355,0.9480370870080879,1.800662723152075,3.5995842980488155,2.2033429567264844
1978-11-30,1.1058024364399637,2.249171828899967,2.564905921758048,0.9596031394695865,1.7786946379296198,3.7982813513011098,2.2187663574235694
1978-12-31,1.1155334978806353,2.2736878018349764,2.5087344820715467,0.9787952022589783,1.753970782462398,3.9141289325157937,2.2360727350114735
1979-01-31,1.1627205648409862,2.3614521509858064,2.5649301344699493,0.9544232017227298,1.7813327266688117,3.864419495072843,2.253290495071062
1979-02-28,1.121327712732647,2.37420399260113,2.595196310056695,0.9436382195432629,1.7995023204808334,3.823843090374578,2.269739515685081
1979-03-31,1.1850191268158614,2.4497036795658462,2.5783275340413265,0.9498662317922484,1.8043609767461315,3.933969771377366,2.28812440576213
1979-04-30,1.1843081153397719,2.5082515975074697,2.6059156386555684,0.9611696399505761,1.8085110069926476,3.965048132571247,2.306429401008227
1979-05-31,1.1581349059907629,2.5200403800157547,2.6559492189177556,0.9529035810470011,1.793681216735308,3.95632502667959,2.3253421220964947
1979-06-30,1.2027230998714071,2.5452407838159123,2.6952572673577384,0.9365136394529927,1.7857890193816726,3.9895581569036986,2.344177393285476
1979-07-31,1.2125854292903526,2.5768017695352294,2.7405375894493482,0.9349215662659226,1.7963251745960245,3.9460719729934484,2.3622275592137743
1979-08-31,1.2796414035301091,2.6267917238642133,2.699703579366553,0.9488518976032848,1.7702784595643823,3.9362067930609648,2.3804167114197203
1979-09-30,1.2691483440211622,2.6194367070373934,2.6756762175101905,0.9568222535431523,1.7803690467838993,4.145612994451808,2.400174170124504
1979-10-31,1.1663473281554482,2.528542253303196,2.625105936999248,0.9666775227546468,1.7851760432102157,4.234743673832522,2.4210556854045873
1979-11-30,1.227114023952347,2.5899858300584637,2.5392649728593724,0.9684175422956052,1.7498295575546534,4.571405795902208,2.4450241366900927
1979-12-31,1.249079364981094,2.702391215083001,2.4877178939103275,0.9626070370418316,1.731981296067596,4.789461852366743,2.4682518659886488
1980-01-31,1.3179036379915523,2.7534664090480696,2.5337406749476683,0.9448950675602619,1.7676601107665884,5.148671491294248,2.487997880916558
1980-02-29,1.3018252136080553,2.7091355998623956,2.549449867132344,0.9351626483643912,1.8217505101560458,5.553357070509977,2.510141062056715
1980-03-31,1.1338897610526162,2.5211215892319454,2.522425698540741,0.9514344784459317,1.797339053319955,5.021345463155121,2.5405137689076014
1980-04-30,1.1789051845664051,2.546080692965342,2.5489111683754184,0.9324057888770131,1.8074041520185467,5.000255812209869,2.5725242423958368
1980-05-31,1.240915597274598,2.59980299558691,2.56012637751627,0.936135412032521,1.7985478716736558,4.944252947113119,2.5933616887592432
1980-06-30,1.2788876145512007,2.6382800799215964,2.537597265394127,0.9351992766204885,1.781821376467091,5.022866568972217,2.6091811950606747
1980-07-31,1.3618874207355736,2.7424921430784996,2.377728637674297,0.9720461281193359,1.7381667527436473,5.041451175277415,2.6230098553944963
1980-08-31,1.3864013943088138,2.8593223083736437,2.314956601639696,0.9921674829714061,1.7244352353969723,5.202777612886292,2.639797118469021
1980-09-30,1.416763584844177,2.875906377762211,2.204070180421154,1.0106217981546741,1.6758061617587778,5.485288437266018,2.659595596857539
1980-10-31,1.4317812788435251,2.9434901776396227,2.1438990644956566,1.024871565508655,1.6555289072014965,5.887360079717617,2.6848617550276854
1980-11-30,1.5690891034846193,2.8434115115998755,1.965097882516719,1.0681211455731203,1.5605015479281306,6.784593755866582,2.7106364278759516
1980-12-31,1.4981662760071146,2.834312594762756,2.0177625057681667,1.0556241281699148,1.5790715163484754,6.333418271101454,2.7461457650811267
1981-01-31,1.422658695696356,2.9298289292062614,2.1557774611627094,1.0193106581608697,1.6477611273096342,5.830544860375999,2.7747056810379704
1981-02-28,1.4306255843922557,2.915765750346071,2.1764729247898713,1.020635762016479,1.684835752674101,5.749500286816772,2.8043950318250763
1981-03-31,1.4815558551966201,3.005279758881695,2.1910552933859635,0.9985900295569231,1.6759061231849282,5.7920465889392165,2.83832821171016
1981-04-30,1.450443182237491,3.1435226277902535,2.240573143016486,1.0078769168318025,1.696184587275466,5.7364429416854,2.8689821563966293
1981-05-31,1.4520386697379524,3.2205389321711144,2.231162735815817,1.0110013352739813,1.6690456338790585,5.951559551998603,2.9019754511951907
1981-06-30,1.4177705571321368,3.1892997045290543,2.3453982678895864,0.9967462164466181,1.713776056867017,5.599822382475486,2.941152119786326
1981-07-31,1.395936890552302,3.1258326404089263,2.330622258801882,1.007411400962597,1.662020019949633,5.458706858437103,2.9776224060716765
1981-08-31,1.297802527146475,3.0692550696175247,2.4431913139020134,1.005094354740383,1.6859531082369077,5.397569341622607,3.0157359728693938
1981-09-30,1.2047500859500728,2.9922167673701248,2.5697486239621377,1.0043907886920647,1.733328390578365,5.504441214586735,3.0531310989329743
1981-10-31,1.2640237901788163,3.0592424229592154,2.4615622068933316,1.0380378801132488,1.6846218628031129,5.7290224161418735,3.090073985230063
1981-11-30,1.3064949895288247,3.017330801764674,2.5080857326036154,1.0395949369334188,1.6947295939799316,5.7141269578599045,3.1231377768720248
1981-12-31,1.2588079224110225,3.053237038305674,2.5268963755981426,1.0427137217442188,1.735233631276052,5.78898202100787,3.150309075530811
1982-01-31,1.2180225457249054,3.0165981938460056,2.6062409217919247,1.025926030824137,1.7718470608959764,5.889131409971307,3.1755115481350575
1982-02-28,1.146646424545426,3.0271562875244666,2.7644397457446943,0.9905315827607043,1.8524661021667437,6.183587980469873,3.2047262543779005
1982-03-31,1.1252041364064265,3.0268535718957144,2.868935568133844,0.9758717153358458,1.8963695487880956,6.364767108297641,3.2361325716708036
1982-04-30,1.1619983116669166,3.0622677586868945,2.7883184786692827,0.9916808371242866,1.8933353575100345,6.33867156315362,3.2727008697306843
1982-05-31,1.1156345790314066,3.079416458135541,2.8390658749810638,0.9991184434027187,1.8918206892240264,6.500307688014038,3.3073914989498294
1982-06-30,1.081161470539336,3.063095550907423,2.8819357696932775,0.9979195012706356,1.9423323016263079,6.824673041645939,3.3391424573397477
1982-07-31,1.0466724196291313,3.091888649085953,2.8862586733478177,1.0089964077347398,1.9718557526110279,7.129735926607512,3.374203453141815
1982-08-31,1.1632717271758164,2.958937437175257,2.9197392739586525,0.9899263756285531,1.9748135362399446,6.878769221990927,3.399847399385693
1982-09-30,1.1782779324563843,3.035573916798096,2.929666387490112,1.0109128147918784,1.9742210921790726,7.165613898547949,3.4171866211225606
1982-10-31,1.3114233388239556,3.0935533786089393,2.821854664430476,1.0156641050214004,1.96691647413801,7.167763582717514,3.4373480221871837
1982-11-30,1.3726668087470344,3.2324539253084805,2.766546313007639,1.008249757054744,1.973013915207838,7.5899448577395745,3.4590033147269628
1982-12-31,1.3802164761951432,3.2324539253084805,2.7668229676389395,1.0068382073948674,1.9933359585344788,7.5914628467111225,3.482178636935633
1983-01-31,1.4299042693381683,3.3384784140585984,2.7430282901172447,0.9926417886705998,1.9843659467210737,7.462407978317033,3.5062056695304884
1983-02-28,1.466938789914027,3.4352942880662978,2.76140657966103,0.986189617044241,2.0044080427829565,7.748218203886576,3.5279441446815776
1983-03-31,1.5083064637896024,3.4840754669568392,2.818567695860013,0.9860909980825365,2.060932349589436,7.820276633182722,3.5501701927930713
1983-04-30,1.6089105049243688,3.5011474367449273,2.835479102035173,0.9842174251861797,2.093495080712949,7.961823640243329,3.5753764011619027
1983-05-31,1.6172768395499757,3.7185686925667873,2.796065942516884,0.9657141375926795,2.0610459069618985,7.83523064436346,3.6000464983299194
1983-06-30,1.66692723852416,3.7617040894005624,2.6881377971357328,0.9877324199297925,2.0422903892085453,7.97469774983313,3.6241668098687296
1983-07-31,1.5990832999162268,3.798568789476688,2.8381358862159067,0.9864483677838839,2.100087207223147,7.725089710263353,3.6509856442617585
1983-08-31,1.5910878834166455,3.634470617771295,2.9948009871350245,0.9915778992963601,2.140618890322554,7.2901671595755255,3.678733135158148
1983-09-30,1.6057258919440789,3.6431933472539457,3.0265458775986556,1.0029810451382684,2.153248541775457,7.282147975699993,3.7066915069853503
1983-10-31,1.5504889212612025,3.504023361388845,3.178478480654108,0.9955589854042451,2.217200023466188,6.950082028008073,3.734862362438439
1983-11-30,1.5839794819604447,3.569899000582955,3.158136218377922,0.9895856314918197,2.2320552636234114,6.944521962385667,3.761006398975508
1983-12-31,1.5557846471815486,3.5534774651802734,3.2111929068466707,1.0040335817116002,2.2599559544187042,6.997994781496037,3.788461745688029
1984-01-31,1.525913581955663,3.5506346832081292,3.455243567767018,0.9940936492526554,2.3273026418603817,6.8237447114367855,3.8172540549552583
1984-02-29,1.4523645473053999,3.493469464808478,3.5692666055033295,1.002543445271303,2.3633758328092176,6.836709826388515,3.844356558745441
1984-03-31,1.461514443953424,3.482989056414053,3.586399085209745,0.9936208086083883,2.388900291803557,6.911913634478788,3.8724203616242834
1984-04-30,1.4539145688448663,3.4478108669442706,3.630870433866346,1.0262115711307433,2.406817043992084,7.0536078639856035,3.9037869665534397
1984-05-31,1.3671158690848277,3.4519482399846044,3.639584522907625,1.0497118161096373,2.394301595363325,7.1615280643045836,3.934236504892557
1984-06-30,1.3919973779021715,3.4547097985765918,3.544591366859736,1.0818329976825922,2.358387071432875,7.111397367854451,3.9637432786792512
1984-07-31,1.353856649747652,3.377324299088476,3.5598331097372324,1.1219690018966162,2.3086251042256416,7.319761310732588,3.996245973564421
1984-08-31,1.4930331133417107,3.3675300586211194,3.4954001304509887,1.1125444622806846,2.2883092033084558,6.903998868282977,4.029414815145006
1984-09-30,1.4810888484349771,3.3675300586211194,3.679957257338801,1.1286763569837546,2.345288102470836,7.1587564265226185,4.064067782555252
1984-10-31,1.4686477021081232,3.3190376257769754,3.6979890478997604,1.1425590761746547,2.3166755876206917,7.388552507813994,4.104708460380805
1984-11-30,1.4427995025510203,3.2865110570443608,3.8477576043397006,1.1526135960449917,2.36463077228444,7.514157900446832,4.134672832141585
1984-12-31,1.4693470133979591,3.263834130750755,3.841601192172757,1.1672517887147629,2.3334176460902856,7.629124516323668,4.161134738267291
1985-01-31,1.5867478397684562,3.378068325327031,3.634154727795428,1.157446873689559,2.25548149671087,7.101952012245704,4.188182114066028
1985-02-28,1.6061061634136313,3.4118490085803015,3.6290669111765146,1.173535385233844,2.2782618598276496,7.231207538868575,4.212473570327611
1985-03-31,1.592614871640957,3.360671273451597,3.7760441210791633,1.1878525169336966,2.3454705846925656,7.352691825521567,4.238590906463642
1985-04-30,1.5773257688732036,3.357310602178145,3.9161353579712,1.2057890899393955,2.362827067019291,7.577684195382527,4.269108760990181
1985-05-31,1.6576116505088496,3.2790852651473945,3.8828482074284447,1.2218260848355895,2.3283297918408095,7.880791563197828,4.297284878812716
1985-06-30,1.678663318470312,3.2918736976814693,3.9042038725693016,1.241375302192959,2.313661314152212,8.16686429694191,4.320919945646186
1985-07-31,1.6662412099136317,3.3873380349142317,3.839394088284651,1.2345477380308978,2.3069516963411707,7.845089843642398,4.347709649309192
1985-08-31,1.6492455495725127,3.3764985532025062,3.925780455271056,1.2351650118999131,2.3503223882323847,7.987870478796689,4.371622052380394
1985-09-30,1.5743698016219205,3.3153839293895406,3.977600757280634,1.249986992042712,2.388162578682926,8.10609096188288,4.397851784694676
1985-10-31,1.6376594676471217,3.263995478484003,4.008626043187423,1.259611891881441,2.3616539740595455,8.500857591726575,4.426437821295191
1985-11-30,1.7437798011506551,3.263995478484003,3.8915741627263505,1.2640205335030261,2.306863601861364,8.466004075600496,4.453439092005092
1985-12-31,1.8114384574353004,3.250939496570067,3.830087290955274,1.2747647080378017,2.2651093706676733,8.454998270302216,4.482386446103124
1986-01-31,1.8232128074086298,3.283448891535768,3.8515357797846237,1.2493968903478494,2.2184481176319193,8.705266219103162,4.507487810201302
1986-02-28,1.9532078805768651,3.2584946799600956,3.8157164970326267,1.2631402561416758,2.1871679991733095,8.94640209337232,4.531377495595369
1986-03-31,2.048524425149016,3.2405729592203154,3.7977826294965733,1.2795610794715173,2.2090396791650426,9.16648358486928,4.558565760568942
1986-04-30,2.021688755179564,3.335197689629548,3.687267154978223,1.3178199557477157,2.209702391068792,9.120651166944933,4.5822703025239
1986-05-31,2.1150907756688597,3.293174198740216,3.6832111611077467,1.344835264840544,2.2340091173705483,9.304888320517222,4.604723427006268
1986-06-30,2.136876210658249,3.264523583211176,3.7344077962471447,1.3686388490282215,2.253668397603409,9.78409006902386,4.628667988826701
1986-07-31,1.9990476950707918,3.1486329960071795,3.9125390481281337,1.3583740576605101,2.2678665085083103,9.960203690266288,4.652737062368599
1986-08-31,2.1203898901615887,3.0116674606808673,4.049869168717431,1.3363683979264098,2.340891810082278,9.461197485383947,4.674139652855495
1986-09-30,1.9380363596076924,3.0706961429102124,4.179059995199517,1.3348983926886908,2.4256320936072564,8.906771312740448,4.695173281293345
1986-10-31,2.0283488539654106,2.9991489227804045,4.123060591263844,1.3373012097955304,2.4467350928216396,9.146363461053165,4.716771078387294
1986-11-30,2.052080535556806,2.942764923032133,4.120999060968212,1.3521452532242608,2.4621495239064157,9.117095097977796,4.735166485593004
1986-12-31,1.9849775020440987,2.9451191349705583,4.134598357869407,1.3653962767058587,2.4616570940016347,9.153563478369707,4.758368801372409
1987-01-31,2.232504196548998,2.9006478360325025,4.003531589924948,1.3685366881422822,2.435317363095817,9.344872955067633,4.778353950338174
1987-02-28,2.330511130777499,2.999559927241211,3.764120400847436,1.357725248305958,2.368346135610682,9.142089211942665,4.798900872324627
1987-03-31,2.36873151332225,3.0058590030884176,3.8258519754213336,1.3755114490587663,2.4640273194893534,9.287448430412553,4.821455706424553
1987-04-30,2.3187512783911504,2.9589676026402385,3.8136092490999856,1.369184096393096,2.493102841859328,9.310667051488585,4.84267011153282
1987-05-31,2.321301904797381,2.941805590544925,3.8181855801989055,1.378083793019651,2.526759730224429,9.246423448833312,4.861072257956645
1987-06-30,2.412761199846398,2.874438242521446,3.8586583473490137,1.4028893012940047,2.5469738080662245,9.227930601935645,4.884405404794837
1987-07-31,2.505652506040484,2.8433943095022145,3.8860548216151924,1.397418033018958,2.588489481137704,9.474316349007328,4.906873669656893
1987-08-31,2.593851474253109,2.8175194212857444,3.849914511774171,1.4248074264661297,2.5462971025951595,9.391889796770963,4.92993597590428
1987-09-30,2.5266707210699533,2.82822599508663,3.8606942724071383,1.4109867944294083,2.594422117834208,9.458572214328038,4.952120687795849
1987-10-31,1.9394724454932963,2.598291221686087,4.024001640129961,1.435114668614151,2.6520182888501274,8.715128438281853,4.981833411922624
1987-11-30,1.7887754364784672,2.6723425215041403,4.147940890645963,1.4055513064406995,2.6705824168720778,8.614904461241613,4.999269828864353
1987-12-31,1.910591043702651,2.674213161269193,3.9633575210122176,1.4481395110258526,2.603817856450276,9.118014881778123,5.018766981196925
1988-01-31,1.9910269266425327,2.6597724101983395,4.16826310484855,1.432644418257876,2.661101849292182,8.426869353739342,5.033321405442395
1988-02-29,2.0856007056580532,2.748608808698964,4.099486763618549,1.459578133321124,2.658972967812748,8.297095565691755,5.05647468390743
1988-03-31,2.0382575696396152,2.92012199836178,4.130232914345688,1.4556372723611568,2.7092275569044086,8.349367267755614,5.078723172516622
1988-04-30,2.0496718120295974,2.953119376943268,4.1996208273066955,1.4527259978164346,2.760702880485592,8.537228031280115,5.102085299110199
1988-05-31,2.043727763774711,2.876338273142743,4.295372182169288,1.4416852802330296,2.7700892702792435,8.591866290680308,5.128105934135661
1988-06-30,2.14162232365952,2.9396177151518836,4.247693550947209,1.4631663909085015,2.676460252943805,8.341842981621511,5.153233653212925
1988-07-31,2.114852044613776,2.934620365036125,4.34411619455371,1.453948442645778,2.7158042186620786,8.394396592405725,5.179515144844312
1988-08-31,2.04485044193706,2.934913827072629,4.4344738114004265,1.442607644793141,2.763330792488665,8.422098101160666,5.210074284198893
1988-09-30,2.112330506520983,2.8964664559379774,4.403875942101764,1.4677090178125418,2.7503431377639687,8.44231113660345,5.242376744760926
1988-10-31,2.1366223073459745,2.811020695487807,4.477861057929073,1.4884037149636986,2.77922174071049,8.552905412492956,5.274355242903968
1988-11-30,2.0876936565077515,2.7640766498731604,4.534729893364772,1.4839385038188075,2.823133444213716,8.588827615225426,5.304419067788521
1988-12-31,2.1188002919897166,2.819358182870624,4.464441580017619,1.4940292856447752,2.812687850470125,8.624900691209373,5.337836907915588
1989-01-31,2.2480471098010892,2.756768431210896,4.488103120391712,1.4805830220739722,2.8174694198159242,8.61282583024168,5.367195010909124
1989-02-28,2.197466049830565,2.8300984714811057,4.527598427851159,1.46933059110621,2.8701560979664817,8.692925110462928,5.39993490047567
1989-03-31,2.231966266812905,2.8513242100172143,4.549330900304844,1.4694775241653206,2.891682268701231,9.000654659373318,5.436114464308856
1989-04-30,2.3286104061659034,2.8316500729680953,4.482455736070363,1.480645553348977,2.8766455209039843,9.153665788582662,5.4725364312197256
1989-05-31,2.4066188547724616,2.8316500729680953,4.4452513534609785,1.4873084583390475,2.8760701917998035,9.29737834146341,5.5157694690263614
1989-06-30,2.374129500233033,2.8013514171873366,4.541268782695736,1.4889444976432205,2.9192112446768004,9.358741038517069,5.554931432256449
1989-07-31,2.545066824249812,2.687616549649531,4.412750876145447,1.5172344430984417,2.9016959772087394,9.867856551012398,5.5938159522822435
1989-08-31,2.581715786519009,2.699173300813024,4.444963957541309,1.524517168425314,2.8874776669204167,9.85404155184098,5.635210190329133
1989-09-30,2.5620947465414647,2.7115894979967634,4.385845936906009,1.5429638261632603,2.905091280688631,10.190064368758758,5.671839056566272
1989-10-31,2.468065869343393,2.621564726663271,4.341110308349569,1.5441981972241907,2.9059628080728377,10.329668250610753,5.710407562150922
1989-11-30,2.4934869477976296,2.5866979157986494,4.2929239839268885,1.528756215251949,2.947227479947472,10.596173691476512,5.749809374329763
1989-12-31,2.5224113963920822,2.5269451939437007,4.305802755878668,1.526463080929071,2.990257001154705,10.893926172207003,5.784883211513175
1990-01-31,2.324402101775304,2.492326044786672,4.342832659579225,1.5052452441041568,3.0297283935699473,10.536605393758613,5.8178570458187995
1990-02-28,2.35020296510501,2.521486259510676,4.369323938802658,1.5022347536159486,3.011852996047885,10.481815045711068,5.851018830979967
1990-03-31,2.3932116793664315,2.5625864855407,4.243050476971261,1.53438257734333,2.9820356513870103,10.654764993965301,5.888465351498239
1990-04-30,2.31279976693972,2.552079880949983,4.134852689808494,1.558779260323089,2.952513498438279,10.910479353820469,5.929095762423576
1990-05-31,2.5075375073160444,2.4913403797833733,3.980622684478637,1.58652553115684,2.908521047311549,11.243248974111992,5.969413613608055
1990-06-30,2.480205348486299,2.5254717429864058,3.903000542131304,1.567011267123611,2.8980503715412267,11.515335599285502,6.007020919373787
1990-07-31,2.4330814468650597,2.4423837226421528,3.9022199420228776,1.5601164175482671,2.9876001280218505,12.198195000323132,6.047868661625528
1990-08-31,2.1861236800082557,2.3476192342036373,3.9658261270778503,1.5534079169528097,3.0778256518881104,12.416542690828916,6.0877845947922555
1990-09-30,2.0523329107917507,2.2591139890741605,3.995173240418227,1.5537185985362,3.1926285487035373,13.103177501631754,6.12431130236101
1990-10-31,2.012928118904549,2.143899175631378,4.0067592428154395,1.5993979253331645,3.1785809830892418,13.986331665241734,6.165956619217064
1990-11-30,2.1407490544549876,2.1426128361259993,3.882149030363879,1.6123530485283633,3.027916244490812,13.203097091988194,6.201102571946601
1990-12-31,2.1934114811945804,2.1565398195608183,3.8215875054902027,1.6592725222405384,2.9661467531031995,13.224222047335378,6.238309187378281
1991-01-31,2.296282479662606,2.240429218541734,3.751270295389183,1.6838297555696982,2.844534736225968,12.363325192053845,6.270748395152649
1991-02-28,2.4613851899503474,2.328478086830424,3.7310134357940816,1.678946649278546,2.8394145737007612,11.779776242988904,6.30084798744938
1991-03-31,2.5266118974840315,2.417891645364712,3.6847488691902353,1.6727345466762154,2.8107364865063835,12.11078795541689,6.328571718594158
1991-04-30,2.5195373841710764,2.4263542661234885,3.7363353533588985,1.6834400477749432,2.830411641911928,11.820129044486885,6.362113148702707
1991-05-31,2.611248544954903,2.4304790683758988,3.7154118753800884,1.7199706968116595,2.760783515520895,11.8083089154424,6.39201508050161
1991-06-30,2.482252866834131,2.4341247869784626,3.7603683590721877,1.747318230890965,2.7781764516686764,11.862627136453433,6.418861543839716
1991-07-31,2.587500388387898,2.410757189023469,3.7126116809119707,1.773003808885062,2.739004163700148,12.37509262874822,6.45031396540453
1991-08-31,2.647530397398498,2.446436395421016,3.683282048632766,1.7894927443076931,2.7239396407997973,12.57556912933394,6.479985409645391
1991-09-30,2.6054346640798616,2.4843561595500425,3.6471858845561647,1.7576397734590161,2.728025550260997,12.79312647527142,6.5097933425297585
1991-10-31,2.6390447712464917,2.5067153649859923,3.631138266664118,1.7244203817406407,2.719568671055188,13.205065147775159,6.537134474568384
1991-11-30,2.5284687953312637,2.4846562697741157,3.5617835257708332,1.7399401651763062,2.72310411032756,13.371448968637125,6.562629299019201
1991-12-31,2.8023019658656394,2.425272984926514,3.4178874713296916,1.8064058794860411,2.6378709516743073,14.47860494324028,6.587567290355474
1992-01-31,2.785768384267032,2.649610736032217,3.5716924075395275,1.7822000407009284,2.722019035032718,14.120983401142244,6.609965019142683
1992-02-29,2.8161332596555426,2.6861753641894617,3.798852044659042,1.7870119808108207,2.777276021443882,14.037669599075505,6.628472921196281
1992-03-31,2.741505728274671,2.6619997859117563,3.9378900294935626,1.7846888652357666,2.8311551762598937,13.987133988518831,6.65100972912835
1992-04-30,2.771113990140037,2.5092009982004213,4.106431722755887,1.815742451490869,2.894006821172863,13.623468504817343,6.672292960261561
1992-05-31,2.779427332110457,2.5144703202966423,4.158583405634887,1.7970403042405132,2.9061616498217893,13.638454320172642,6.6909753805502925
1992-06-30,2.714388732539072,2.4463281746166032,4.300391099767036,1.795962080057969,2.937257579474882,13.556623594251606,6.712386501768054
1992-07-31,2.816721187755795,2.4306716742990573,4.277599026938271,1.8180524136426819,2.9134657930811354,13.750483311649404,6.733194899923536
1992-08-31,2.7496832234872075,2.420462853267001,4.233111997058113,1.8860475739129183,2.8674330335504536,13.677605750097662,6.7507012066633365
1992-09-30,2.782404453846705,2.432807213818663,4.224222461864291,1.918298987426829,2.8499416920457956,13.87319551232406,6.768253029800661
1992-10-31,2.8107849792759416,2.4826797617019456,4.135513790165141,1.9445796835545768,2.824862205155793,14.249159110708039,6.783820011769202
1992-11-30,2.9268703989200375,2.5797525403844914,4.074308186070697,1.9309676257696946,2.776274575227113,14.202136885642703,6.799422797796271
1992-12-31,2.9716515160235146,2.6218025067927586,4.1765733215410705,1.9199611103028074,2.7987623992864528,14.834131977053804,6.8184611816301
1993-01-31,2.9992878751225334,2.676598179184727,4.42257349017984,1.8880897558717809,2.8799265088657595,15.550620551545503,6.834143642347849
1993-02-28,3.003186949360193,2.5837202223670173,4.706502708249386,1.878649307092422,2.9974275104274826,16.032689788643413,6.849178758361014
1993-03-31,3.072260249195477,2.5852704545004372,4.764863341831678,1.8728254942404354,3.023505129768201,16.632312386738676,6.866301705256916
1993-04-30,2.978556311595015,2.5632956556371838,4.889226275053485,1.8063401891949,3.06643890261091,16.687199017614915,6.8827808293495325
1993-05-31,3.064338733368951,2.6114856139631626,4.72250365907416,1.8059789211570612,3.0357745135848004,16.735591894765996,6.897922947174101
1993-06-30,3.0738381834423953,2.6140970995771253,4.845761004575996,1.7891833171903004,3.0715966528451015,17.50208200354628,6.915167754542036
1993-07-31,3.0633871336186913,2.6376239734733193,5.003248237224716,1.75053695753899,3.1336429052325725,18.06914946046118,6.931764157152937
1993-08-31,3.1773451349893063,2.6442180334070025,4.9807336201572046,1.7311059973103073,3.1320760837799564,18.53533351654108,6.949093567545819
1993-09-30,3.173532320827319,2.7251311052292566,4.958818392228514,1.7428775180920173,3.1295704229129324,19.16738838945513,6.967161210821438
1993-10-31,3.2182791265509847,2.768733202912925,4.881956707148972,1.7420060793329712,3.14834784545041,18.65561911945668,6.982488965485245
1993-11-30,3.157453651059171,2.729417191431561,4.8687754240396695,1.772316985113365,3.118438540918631,17.77693945893027,6.999945187898957
1993-12-31,3.209551636301647,2.766810206954174,4.896527443956695,1.7866727526927835,3.1087713814417834,18.18403137253977,7.016045061831124
1994-01-31,3.301665768263504,2.762383310623047,4.998375214790994,1.74540061210558,3.153848566472689,18.185849775677024,7.033585174485702
1994-02-28,3.2171431245959585,2.8355864683545575,4.926398611698004,1.789733787653062,3.1213639262380206,18.133110811327562,7.048355703352122
1994-03-31,3.0633636832402718,2.806663486377341,4.991427073372418,1.800830137136511,3.161005248101243,17.89375374861804,7.067386263751172
1994-04-30,3.0841945562863056,2.776912853421741,5.075283048205074,1.8168575253570256,3.1970407079295975,17.96711813898737,7.0864682066633
1994-05-31,3.102082884712766,2.7086007972275663,5.084926085996664,1.8333909288377748,3.219739696955898,17.580825098999146,7.108436258103957
1994-06-30,3.0080897733059695,2.6945160730819833,5.170352844241408,1.8526415335905715,3.268357766379932,17.43490425067745,7.13047241050408
1994-07-31,3.0929179049131976,2.645206428944583,5.201374961306857,1.8365235522483334,3.2726066314762257,17.46803056875374,7.150437733253491
1994-08-31,3.216943912900217,2.6780069886634954,5.054696187398003,1.8458898223648,3.225808356646116,17.737038239512547,7.176894352866529
1994-09-30,3.142632508512222,2.748974173863078,4.958151490218701,1.8541963265654415,3.256776116869919,17.971167144274116,7.203448861972135
1994-10-31,3.184743784126286,2.6846481781946823,4.871879654288896,1.8599443351777947,3.2365841049453254,18.22635771772281,7.230821967647629
1994-11-30,3.056080135247584,2.687869756008516,4.8255967975731515,1.874079912125146,3.2220194764730716,18.18990500228736,7.257576008927926
1994-12-31,3.082362424410713,2.6870633950817138,4.8511724606002895,1.8795147438703086,3.2323299387977857,18.82655167736742,7.289509343367208
1995-01-31,3.137844948050106,2.613706564395983,4.890466957531152,1.8954906191932062,3.2051783673118845,18.483908436839332,7.320125282609351
1995-02-28,3.2517487196643247,2.5988084369789255,4.941327813889476,1.905915817598769,3.1949217965364864,18.419214757310396,7.349405783739789
1995-03-31,3.322636841753007,2.578797612014188,4.888949739062247,1.893527364784377,3.2006726557702523,18.485523930436713,7.383213050344991
1995-04-30,3.392744479113995,2.5674509025213257,4.9989511081911475,1.8825449060686277,3.2333195168591087,18.823809018363704,7.415699187766508
1995-05-31,3.491134069008301,2.5153316492001427,5.082933486808758,1.8959109749017151,3.2362295044242817,18.740984258682904,7.455743963380448
1995-06-30,3.586092915685327,2.589533932851547,4.967550896658199,1.8851042823447752,3.1575891274667716,19.28259870375884,7.490785960008336
1995-07-31,3.719495572148821,2.6444320522280003,4.883599286504675,1.8971689497517816,3.104225871212583,19.772376710834315,7.524494496828373
1995-08-31,3.7399527977956395,2.6928251587837724,5.016433187097603,1.8715571689301327,3.1551351755004693,19.790171849874064,7.559859620963466
1995-09-30,3.865241216521794,2.6416614807668806,4.978308294875662,1.8949516335417593,3.1664936621322712,20.32648550700565,7.592367017333609
1995-10-31,3.806489550030663,2.534145858499669,4.940970982664094,1.9319031903958237,3.1649104153012053,21.16393670989428,7.628051142315075
1995-11-30,3.957226536211877,2.5042429373693724,4.987910206999404,1.915675203596499,3.2019398671602293,21.028487514950957,7.660088957112799
1995-12-31,3.9979859695348594,2.521772637930958,5.030806234779598,1.8955606139587358,3.2970374812148884,21.56050824907922,7.697623393002651
1996-01-31,4.088340452446347,2.4582239674550976,5.046904814730893,1.8913903806080266,3.3712208245422235,21.68340314609897,7.730723173592562
1996-02-29,4.142715380463883,2.5019803540757986,4.974229385398768,1.8953623004073035,3.3108759717829175,21.809166884346347,7.760872993969573
1996-03-31,4.17295720274127,2.539760257422343,5.023474256314216,1.916969430631947,3.279091562453801,21.399154546920634,7.791140398646054
1996-04-30,4.2589201211177405,2.6573511573409974,4.827558760317962,1.918311309233389,3.2079352755485537,21.204422240543657,7.826979644479826
1996-05-31,4.3594306359761195,2.740526248565771,4.769145299318114,1.9232989186373957,3.2011986114699016,21.535211227496138,7.859852958986641
1996-06-30,4.309733126725992,2.6454299877405387,4.843067051457545,1.9890757416547946,3.2360916763349232,21.7505633397711,7.891292370822588
1996-07-31,4.05244205906045,2.549929965183105,5.057130615131969,2.0533228881102445,3.320553669087265,21.724462663763376,7.926803186491289
1996-08-31,4.164289459890519,2.614188200305719,5.0353849534869015,2.0432616059585045,3.2398642149284442,21.711427986165116,7.959303079555903
1996-09-30,4.3733367907770235,2.5794194972416533,4.877777404442762,2.0704369853177527,3.169559161464497,22.295465398992956,7.994324013105949
1996-10-31,4.4109474871777055,2.4793380207486773,5.126544052069343,2.0994231031122013,3.2636950685599926,23.16944764263348,8.027900173960994
1996-11-30,4.686631705126312,2.3851231759602274,5.188575235099381,2.1351132958651085,3.239870094559505,22.655085904967017,8.060814564674233
1996-12-31,4.606958966139165,2.461447117590955,5.233196982121235,2.143226726389396,3.2891161199968098,22.793281928987312,8.097894311671734
1997-01-31,4.836846218549509,2.4166487800507994,5.146849231916236,2.1657306070164846,3.280235506472818,23.23775092660257,8.134334836074258
1997-02-28,4.813145672078616,2.355265901037509,5.4134560221294965,2.1772089792336717,3.3924195607941887,22.763700807699877,8.166058741934947
1997-03-31,4.571044444773062,2.3449027310729442,5.618084659765993,2.195715255557158,3.448733725503372,22.982232335453798,8.201172794525267
1997-04-30,4.7557146403418935,2.210305314309357,5.614152000504156,2.2593909979683153,3.417350248601291,24.112958166358123,8.236437837541725
1997-05-31,5.076249807100937,2.3128634808933115,5.394638657284443,2.233633940591477,3.317905356366994,22.868729524974043,8.27679638294568
1997-06-30,5.284376049192074,2.3415429880563883,5.459913785037585,2.246589017446907,3.3358220452913754,23.467890238528362,8.307420529562577
1997-07-31,5.671720813597854,2.2748090128967813,5.506323052210404,2.2376026613771196,3.251425747545504,24.362016856616293,8.343142437839697
1997-08-31,5.436344399833542,2.4490593832846748,5.581759678025687,2.217240477158588,3.2501251772464856,23.74078542677258,8.37734932183484
1997-09-30,5.727188825224638,2.511755303496763,5.58231785399349,2.1864208345260834,3.2208740506512674,24.082652736918103,8.414209658850913
1997-10-31,5.509555649866101,2.499698878039978,5.690614820360963,2.2130951687073015,3.281426482803511,23.988730391244122,8.449549339418086
1997-11-30,5.673740408232112,2.3739640244745672,5.734432554477744,2.283692904589065,3.3362263050663294,24.06069658241785,8.482502581841818
1997-12-31,5.748633781620776,2.3269595367899707,5.932270477607226,2.3145227588010173,3.3996146048625895,25.01590623673984,8.523218594234656
1998-01-31,5.757256732293207,2.2941494073212323,5.8474390097774425,2.327715538526183,3.370377919260771,25.04092214297658,8.559868434189866
1998-02-28,6.16199188057342,2.2932317475583037,5.838667851262776,2.3056022409101846,3.288140698030808,24.757959722760944,8.593251921083207
1998-03-31,6.455302694088715,2.279243033898198,5.898806130130783,2.2908463865683593,3.27235762268026,25.290255856800307,8.62676560357543
1998-04-30,6.502426403755563,2.2787871852914185,5.944816817945803,2.240676850702512,3.265158435910364,25.484990826897672,8.663860695670804
1998-05-31,6.302801913160268,2.2079169038288553,6.1915267158905545,2.2608429423588348,3.348093460182487,25.961560155360655,8.698516138453488
1998-06-30,6.503231013998764,2.127769520219868,6.046644990738716,2.2567734250625886,3.250998749837195,27.85156173467091,8.734180054621147
1998-07-31,6.3432515310543955,2.015210512600237,5.987387869829476,2.3021345709063468,3.2659533440864457,28.876499206506796,8.769116774839633
1998-08-31,5.323256684860849,1.913845423816445,6.190360318616696,2.37580287717535,3.457011614715503,29.425152691430423,8.806823976971442
1998-09-30,5.650636970979792,1.8970035840868602,5.988554572229791,2.327336498480973,3.3564125767272817,29.21623410732127,8.84733536726551
1998-10-31,6.053527387010651,1.8304187582854115,5.856806371640736,2.3445587885697323,3.3661461731997906,27.65024395916885,8.87564684044076
1998-11-30,6.4227925576183,1.842133438338438,5.673488332208381,2.31994092128975,3.327772106825313,27.97098678909521,8.903161345646128
1998-12-31,6.818436579167588,1.81394879673186,5.421018101425108,2.2976694884453686,3.216291741246665,30.505158192187235,8.936993358759583
1999-01-31,7.057081859438453,1.7999813909970246,5.202551071937676,2.236321713103877,2.995010869448895,31.435565517048946,8.968272835515243
1999-02-28,6.769152919573364,1.7092623288907745,5.273826021623223,2.2119458064310447,3.1166083107485196,31.40098639498019,8.999661790439546
1999-03-31,7.002688695298645,1.6352512700498039,5.134069632050207,2.1166109421738666,3.073910776891265,30.995913670484946,9.038360336138437
1999-04-30,7.305905115805076,1.710472828472095,5.264475000704283,2.0613673965831287,3.102805538194043,28.181484709204913,9.071802269382149
1999-05-31,7.126179849956271,1.7747866068226459,5.387137268220694,2.08321789098691,3.2055084015082653,26.693502316558895,9.102646397098049
1999-06-30,7.466098628799186,1.8148967841368375,5.194277754018392,2.112591263249825,3.0968416666971352,27.99614522960697,9.13905698268644
1999-07-31,7.207025006379855,1.8608136727754998,5.152723531986245,2.1214641465554744,3.1940824950314255,28.43848432423476,9.17378539922065
1999-08-31,7.107568061291812,1.8254582129927652,5.08728394313002,2.1150997541158083,3.206858825011551,29.291638853961803,9.209563162277611
1999-09-30,6.9078453987695125,1.8727375807092779,4.9158424742465385,2.097544426156647,3.1741488649964333,31.18094956004234,9.245480458610492
1999-10-31,7.331296321714083,1.7407095812692739,4.769841952761416,2.056222800961361,3.1366939083894754,32.89278369088866,9.281537832399074
1999-11-30,7.578361007755848,1.8435855175222877,4.459325241636648,1.9665714868394457,3.0899571691544723,34.761093804531136,9.314951368595711
1999-12-31,8.1634104775546,1.9462732308482793,4.071809878138423,1.8133755680146528,2.933605336395256,39.3530342961097,9.355937154617532
2000-01-31,7.776464820918511,2.0293790978055006,4.053486733686801,1.710194498194619,3.0735383109413097,40.092871340876556,9.394296496951464
2000-02-29,7.9669882090310145,2.4094818028244713,3.6282759753230556,1.3833763295896273,3.078455972238816,47.46194109332966,9.434691971888356
2000-03-31,8.381271595900627,2.041312983352892,3.913458466983448,1.5547766568257821,3.0270457575024277,44.234529098983245,9.47903502415623
2000-04-30,7.844870213762986,1.9269994562851298,4.24884185760393,1.6676534421113338,3.1853602506198047,40.46574721974987,9.522638585267348
2000-05-31,7.498126950314663,1.8589763754782647,4.350389178000664,1.7446990311368775,3.2140284928753826,36.79955052164053,9.570251778193683
2000-06-30,7.846040040809263,2.0536112019908392,3.914045143447197,1.609135916417542,3.1230714865270093,42.86779640265906,9.608532785306458
2000-07-31,7.64910443578495,2.0347179789325236,4.233039822638143,1.709385084010355,3.2161390168255144,42.81635504697587,9.654653742675928
2000-08-31,8.186836477620632,2.012743024760052,4.20383184786194,1.656565084914435,3.2367223065331974,45.256887284653494,9.702927011389306
2000-09-30,7.740653889590308,2.0171710594145242,4.465730571983738,1.7100721371571712,3.443548861920669,46.22991036127355,9.752411939147393
2000-10-31,7.5270118422376155,1.9610937039628002,4.713578618728837,1.8768041705299954,3.60367388399998,44.089465511546585,9.80702544600662
2000-11-30,6.720116172749743,1.9536415478877416,5.2457416447833225,2.1305480943856505,3.9099861641399785,43.01368255306485,9.857041275781254
2000-12-31,6.800085555205466,2.0151812566462057,5.628680784852505,2.1720937822261712,4.133246374112371,45.90850338888611,9.906326482160159
2001-01-31,7.0129282330833975,2.130651142652033,5.354001162551703,2.0656611868970884,3.8625187366080107,34.426786691325695,9.959820645163825
2001-02-28,6.308128945658516,2.189030983960699,6.045202712637128,2.2614858674149327,4.231389275954076,38.72324967040314,9.997667963615447
2001-03-31,5.850158784203708,2.241567727575756,6.437536368687277,2.3413163185346795,4.398529152354262,41.968257992782924,10.039658169062632
2001-04-30,6.314661391669482,2.225652596709968,6.135615912995843,2.2696720391875185,4.223467692090562,38.56043544376895,10.078812835921976
2001-05-31,6.360126953689503,2.305998655451198,6.327660691072614,2.277388924120756,4.317228674854972,39.39719689289874,10.111065036996928
2001-06-30,6.236740490787926,2.4575027671143417,6.258689189539922,2.3151935802611603,4.239518558707583,39.5311473623346,10.139376019100519
2001-07-31,6.103897918334144,2.3877096885282945,6.609801653073112,2.4890646181387734,4.369247826604035,41.705360467263006,10.16979414715782
2001-08-31,5.709586112809758,2.452894163025117,6.779012575391784,2.585640325322558,4.65630740881192,44.01583743714937,10.201320509014009
2001-09-30,5.181449397374855,2.316267958144618,6.884765171567897,2.724230646759847,4.807637399598307,49.09966666114012,10.229884206439248
2001-10-31,5.308913052550277,2.4394934135179116,6.332607004808151,2.6465900733271917,4.588409134176625,44.985114594936576,10.252389951693413
2001-11-30,5.709205096712567,2.430711237229247,6.459259144904314,2.5423144244381004,4.513159224376128,41.12989027415051,10.269819014611294
2001-12-31,5.801123298769639,2.5551636525753842,6.52901914366928,2.5524836821358527,4.500522378547875,41.11755130706827,10.28522374313321
2002-01-31,5.717587123267356,2.585825616406289,6.747741284982201,2.663771970676976,4.630137423050053,42.66357123621404,10.299623056373598
2002-02-28,5.586654378144534,2.57393081857082,6.917109591235254,2.8715461843897803,4.868126486594825,45.560427723152976,10.313012566346885
2002-03-31,5.823528523777862,2.6833228783600798,6.993889507697966,2.825888600057983,4.897335245514395,44.813236708493264,10.326419482683136
2002-04-30,5.520705040541412,2.860690520619681,7.268049976399726,2.9462714544204527,5.1608118817230695,48.38933299783103,10.341909111907162
2002-05-31,5.444519310981941,2.7734394597407808,7.391606825998521,3.013741070726681,5.286735691637112,49.8603687209651,10.356387784663832
2002-06-30,5.051969468660143,2.8785528152649564,7.400476754189719,3.132783843020385,5.421547451773859,52.92179536043235,10.369851088783896
2002-07-31,4.638718366123744,2.6974918431847907,7.139979972442241,3.2577819183568986,5.383596619611442,54.71055204361497,10.385405865417072
2002-08-31,4.661911957954361,2.664312693513618,7.32062146574503,3.3046939779812377,5.297459073697659,55.66798670437823,10.399945433628657
2002-09-30,4.179404070306085,2.7458406619351345,7.412861296213418,3.4101137158788393,5.176677006817352,60.76160748782883,10.414505357235738
2002-10-31,4.5070693494180825,2.6338103629281813,7.012566786217892,3.3023541224570683,5.224302435280072,57.44402371899338,10.429085664735869
2002-11-30,4.7756906826434005,2.7101908634530982,6.945947401748823,2.986979303762418,5.486039987287604,48.09213665754125,10.441600567533552
2002-12-31,4.50061089932314,2.7248258941157455,7.099452839327472,3.1709772288741833,5.397166139493544,52.71860020399673,10.45308632815784
2003-01-31,4.384945199210536,2.7482593968051408,7.040527380761054,3.1500487791636136,5.43548601908395,53.55155408721988,10.463539414485997
2003-02-28,4.302508229465378,2.7237998881735748,6.937031628263866,3.184699315734413,5.407221491784713,54.22094851331013,10.472956599959033
2003-03-31,4.34940556916655,2.7420493474243375,6.803146917838373,3.244890132801793,5.36558588629797,55.04510693071244,10.483429556558992
2003-04-30,4.70692670695204,2.770292455702808,6.87866184862638,3.0930292745866694,5.41977830374958,49.85985785783933,10.493912986115548
2003-05-31,4.991695772722639,2.905482727541105,6.871783186777754,2.871568378526264,5.589959342487317,44.494937152335815,10.503357507803052
2003-06-30,5.0625778526953,2.952551547727271,6.910952350942387,2.888223475121716,5.570394484788612,44.04108879338199,10.513860865310853
2003-07-31,5.18154843223364,3.09427402201818,6.840460636962775,2.771828069074311,5.6806882955874265,43.91336963588118,10.52122056791657
2003-08-31,5.302796665547908,3.174415719188451,6.984110310338993,2.7061357438372498,5.8113441263859364,43.67623743984743,10.528585422314112
2003-09-30,5.237041986895115,3.190922680928231,6.984808721370027,2.7361738505938433,5.822966814638709,43.593252588711714,10.537008290651961
2003-10-31,5.555454139698337,3.2777157778494797,7.119615529692469,2.6929423037544606,5.920210360443175,45.227999560788405,10.544384196455418
2003-11-30,5.630452770584265,3.3540865554733728,7.259159994074442,2.687017830686201,6.029142231075329,45.965215953629254,10.551765265392936
2003-12-31,5.8719991944423295,3.26251999250895,7.429750253935191,2.6867491289031324,6.088227824939867,43.349795165867754,10.56020667760525
2004-01-31,5.99824717712284,3.344082992321673,7.575373358912322,2.5900261602626196,6.287921697597895,44.47255486066373,10.567598822279571
2004-02-29,6.08222263760256,3.3149894702884746,7.6117351510351,2.655294819501237,6.209951468547681,43.98335675719643,10.573939381572938
2004-03-31,6.001937298786206,3.3852672470585903,7.630764488912687,2.6959208302396065,6.148472949009059,44.07132347071082,10.583455927016352
2004-04-30,5.892101846218418,3.3097757874491838,7.4308384593031755,2.781381520558202,5.971396928077597,41.70910053268072,10.591922691757965
2004-05-31,5.961039437819174,3.296867661878132,7.4048305246956145,2.7488393567676708,5.972591207463213,42.39730069146995,10.598277845373019
2004-06-30,6.071914771362611,3.380608100489837,7.5047957367790055,2.777152402142378,5.951089879116346,43.27492481578338,10.606756467649317
2004-07-31,5.8253950316452885,3.2798659790952396,7.8117418824132665,2.923230618495067,5.851706678135102,42.27960154502036,10.617363224116966
2004-08-31,5.830055347670605,3.239195640954459,7.886734604484435,2.960355647349954,5.765686589966515,41.64540752184505,10.629042323663494
2004-09-30,5.923336233233335,3.346413016670051,7.867806441433672,2.9236472373228146,5.654985407439159,43.8359559574941,10.640734270219525
2004-10-31,6.008039941368571,3.3564522557200607,7.8237467253616435,2.9204312253617597,5.6821293373948665,43.18280021372744,10.652439077916767
2004-11-30,6.280804954706705,3.494738088655727,7.965356541090689,2.8888905681278527,5.6673558011176395,44.57328638060947,10.668417736533645
2004-12-31,6.496236564653144,3.4957865100823238,7.962170398474253,2.8496016564013136,5.699092993603898,43.311862376038214,10.685487204912098
2005-01-31,6.316940435468718,3.4569832798204096,8.117432721244501,2.9385092280810343,5.619875600992804,44.66319248217061,10.702583984439958
2005-02-28,6.436330609699076,3.4476494249648946,8.251370361145035,2.9772975498917043,5.615379700512009,46.09688096084828,10.719708118815063
2005-03-31,6.309534896688004,3.398692803130393,8.37844146470667,2.992481767396152,5.67658733924759,46.34580411803687,10.742219505864574
2005-04-30,6.144856035884447,3.2613856138839252,8.349116919580197,3.0170201178888005,5.6220921007908125,45.97040310468077,10.76477816682689
2005-05-31,6.36914328119423,3.349443025458791,8.281489072531597,2.9750835382501464,5.637271749462948,46.14968767678902,10.790613634427274
2005-06-30,6.405447397897037,3.4582999237862015,8.504261128582696,3.006619423755598,5.609649117890579,47.100371242930876,10.815432045786457
2005-07-31,6.6565409358946,3.5551323216522155,8.458338118488351,2.9717426384400327,5.556357451270618,47.119211391428045,10.841389082696343
2005-08-31,6.575331136476686,3.52278061752518,8.565759012593151,2.901312337909004,5.5808054240562095,48.174681726596035,10.873913249944431
2005-09-30,6.607550259045421,3.5122122756726046,8.63085878108886,2.9169794245337126,5.550669074766306,49.86079558702689,10.90544759836927
2005-10-31,6.474077743812703,3.463041303813188,8.652435928041582,2.89947754798651,5.4790654437018205,49.207619164836835,10.934892306884866
2005-11-30,6.707791950364342,3.4903993301133123,8.549471940497886,2.881500787188994,5.41660409764362,49.37984583191377,10.96879047303621
2005-12-31,6.691022470488432,3.480626211988995,8.583669828259879,2.888992689235685,5.4290622870682,49.74525669106993,11.003890602549927
2006-01-31,6.89442955359128,3.6811102817995613,8.67980693033639,2.858080467460863,5.4035456943189795,51.11822577574347,11.042404219658852
2006-02-28,6.8737462649305066,3.6645452855314637,8.65810741301055,2.840931984656098,5.5110762536359275,50.187874066624936,11.079948394005692
2006-03-31,6.974102960398492,3.7895062797680867,8.702263760816905,2.832693281900595,5.482969764742384,50.81020370505109,11.120944203063514
2006-04-30,7.025013912009401,3.757674427018035,8.929392844974226,2.864136177329692,5.471455528236425,51.14555104950442,11.160979602194542
2006-05-31,6.774220915350665,3.644944194207494,9.158878241090063,2.889913402925659,5.543678741209146,49.25316566067276,11.208971814483979
2006-06-30,6.750511142146938,3.635102844883133,9.237644593963438,2.9271932858234,5.540352533964421,49.98703782901677,11.253807701741914
2006-07-31,6.697857155238192,3.5020580807604107,9.507383816107168,2.9775410103395625,5.592985883037083,48.892321700561304,11.298822932548882
2006-08-31,6.833823655489527,3.5178173421238323,9.343856814470126,2.9236475180524164,5.712675780934077,47.19575813755183,11.346277988865587
2006-09-30,6.959566010750534,3.4675125541314618,9.346659971514466,2.950252710466694,5.744095497729215,46.7568375868726,11.392797728619938
2006-10-31,7.184359992897777,3.5351290489370255,9.34198664152871,2.9422870281484337,5.757881326923765,46.63526980914673,11.439508199307278
2006-11-30,7.307212548776328,3.5644706200432026,9.34572343618532,2.945817772582212,5.707211971246836,46.15492653011252,11.48755413374437
2006-12-31,7.370785297950682,3.536311302144861,9.641048296768778,2.9249024663968783,5.823639095460271,46.54262791296546,11.533504350279346
2007-01-31,7.473976292121991,3.5380794577959334,9.628514933982979,2.926072427383437,5.838198193198921,46.65433021995658,11.584251769420575
2007-02-28,7.327486356796401,3.587258762259297,9.618886419048996,2.912612494217473,5.79266024729197,46.033827628031155,11.628271926144373
2007-03-31,7.377313264022615,3.5894111175166525,9.596762980285183,2.9178551967070643,5.757904285808218,47.170863170443525,11.678273495426794
2007-04-30,7.634781496937004,3.5172639540545676,9.486400206011904,2.9470337486741354,5.817786490380623,47.09538978937081,11.729657898806671
2007-05-31,7.882148417437763,3.5260571139397037,9.479759725867694,2.9829875604079596,5.739246372760484,46.96823223693951,11.77774949619178
2007-06-30,7.727658308455983,3.5528551480056456,9.374534392910563,2.9958144069177135,5.741542071309588,47.10913693365032,11.824860494176546
2007-07-31,7.439416653550575,3.450532919743083,9.061424944187351,3.0101943160709186,5.679533416939445,48.423481854099165,11.872159936153253
2007-08-31,7.507859286763241,3.439146161107931,8.857542882943136,2.9782862563205668,5.6477280298045835,48.467062987767854,11.922023007885095
2007-09-30,7.749612355797018,3.35626273862523,8.688363813878922,2.9616078532851713,5.459658686412091,50.715934710400276,11.96017348151033
2007-10-31,7.889105378201364,3.3576052437206796,8.460728681955294,2.9565731199345864,5.4514691983824735,53.18580073079677,11.998446036651163
2007-11-30,7.508061588434238,3.2625850153233844,8.360892083508222,3.003286975229553,5.432389056188135,53.66447293737394,12.039240753175777
2007-12-31,7.44274145261486,3.268783926852499,8.324104158340786,3.0303165580066187,5.373719254381303,57.17412946747819,12.071746703209351
2008-01-31,6.969383096228555,3.2524400072182367,8.63126360178356,3.0891046992319473,5.495702681455758,52.708829956068136,12.097097371286091
2008-02-29,6.754029158555092,3.236503051182867,8.555308482087865,3.1135086263558795,5.4336012411553085,55.929339466383894,12.112823597868763
2008-03-31,6.69121668738053,3.2588349222360287,8.539908926820106,3.1377939936414556,5.4607692473610845,58.21125651661236,12.133415397985141
2008-04-30,6.999012655000034,3.2213583206303142,8.455363828444588,3.1864298005428986,5.322065708478113,58.09483400357913,12.155255545701515
2008-05-31,7.129194290383035,3.3237975152263584,8.329378907400763,3.2141517398076216,5.324194534761504,59.96548765849438,12.177135005683779
2008-06-30,6.527490292274707,3.3633507056575525,8.123643248387964,3.352038849445368,5.2986384009946486,67.43119087197694,12.197836135193441
2008-07-31,6.477228617024191,3.48712201162575,8.602125835718013,3.321535295915415,5.356923423405589,63.92476894663413,12.216132889396231
2008-08-31,6.576330214864662,3.606730296624513,8.737179211338788,3.3770049353572027,5.400850195477514,61.33581580429545,12.232013862152447
2008-09-30,5.968677303011167,3.6179111605440495,9.284126629968595,3.4526498459092037,5.498605584015658,61.53822399644963,12.250361882945677
2008-10-31,4.940274203702343,3.505755914567184,9.02881314764446,3.5824694801153902,5.601979368995152,66.35666693537163,12.260162172452032
2008-11-30,4.551968651291339,3.3700831606734343,8.500627578507258,3.759801719381102,5.749871624336624,71.14761828810548,12.263840221103768
2008-12-31,4.631172905823808,3.4843289798202637,8.482776260592393,3.7646894616162982,5.671673370245645,67.55466356455615,12.263840221103768
2009-01-31,4.255121665870916,3.4142939673258765,7.528463931275748,3.7744776542165,5.601911787791624,66.25761402411666,12.263840221103768
2009-02-28,3.825354377617953,3.3736638691146985,6.981144603472002,3.8458152818811917,5.5380499934108,69.02055652892234,12.265066605125877
2009-03-31,4.16772359441476,3.3945805851032094,7.233862038117688,3.75005448136235,5.413997673558398,61.062486361137594,12.267519618446903
2009-04-30,4.592414628685624,3.6196412778955525,7.62738413299129,3.7560545685325297,5.424284269138159,39.94707857745622,12.268746370408747
2009-05-31,4.831679430840145,3.5349416719927964,7.616705795205103,3.7106063082532863,5.308204585778602,35.02160378885586,12.268746370408747
2009-06-30,4.852455652392758,3.6165988246158296,7.4141014210526475,3.6760976695865306,5.299180637982778,36.881250950044105,12.269973245045788
2009-07-31,5.227065228757478,3.706290475466302,7.801117515231596,3.6595552300733916,5.468224500334429,34.88597527364672,12.271200242370293
2009-08-31,5.401126500875103,3.7074023626089416,8.413505240177276,3.547938795556153,5.639379927194898,31.781123474292166,12.272427362394529
2009-09-30,5.6214924621108064,3.810838888525731,8.495116241006997,3.607898961201052,5.658553818947361,30.192067300577555,12.273654605130769
2009-10-31,5.475895807342137,3.627156454098791,8.133224289140099,3.7612346670520966,5.567451102462308,30.9891378773128,12.273654605130769
2009-11-30,5.78035561423036,3.5270469359656644,8.12346441999313,3.7939574086554497,5.574132043785263,31.088303118520205,12.273654605130769
2009-12-31,5.939315393621695,3.7481927788507114,8.12346441999313,3.820515110516037,5.569672738150235,32.0022992302047,12.27488197059128
2010-01-31,5.739754396396006,3.758312899353608,8.147834813253109,3.7632073838582967,5.592508396376651,30.28697599146573,12.27488197059128
2010-02-28,5.934906045873471,3.8128084363942354,8.406935960314557,3.7462729506309347,5.670803513925924,31.380335824757644,12.27488197059128
2010-03-31,6.309398617368086,3.882964111623889,8.587685083461322,3.723046058337023,5.763804691554309,32.53513218310872,12.27610945878834
2010-04-30,6.435586589715448,4.07983039208322,8.830716571323277,3.7576703866795573,5.861789371310731,33.57950992618652,12.27733706973422
2010-05-31,5.9278188077869,4.079014426004804,8.617896301954387,3.7971259257396928,5.851238150442373,33.51570885732676,12.278564803441192
2010-06-30,5.598232082073948,3.974591656699081,8.228367389106047,3.791050524258509,5.762884454370693,32.51694073337842,12.279792659921537
2010-07-31,5.986189565361672,3.9789637075214506,8.211087817588925,3.7959788899400455,5.876413278121795,33.14776938360596,12.28102063918753
2010-08-31,5.700648323093921,3.854820039846781,8.050150496364182,3.814579186500751,5.774163687082476,33.098047729530556,12.282248741251447
2010-09-30,6.2444901731170805,3.9986048273330663,7.79898580087762,3.8122904389888506,5.800147423674347,33.54818117865217,12.283476966125573
2010-10-31,6.486776391834023,4.029793944986264,7.602451358695504,3.860706527564009,5.790287173054101,33.96753344338533,12.284705313822185
2010-11-30,6.525697050185027,4.174060568216773,7.5332690513313745,3.8726747177994576,5.884668853974882,34.82011853281429,12.285933784353567
2010-12-31,6.970749589007646,4.214966361785297,7.818026621471701,3.7371311026764764,6.074743657958271,33.70935675161751,12.287162377732002
2011-01-31,7.109467505828898,4.112964175830093,7.8821344397677695,3.709850045626938,6.118481812295571,33.59811587433718,12.288391093969775
2011-02-28,7.357587921782327,4.181239381148873,7.968837918605214,3.6393628947600263,6.172936300425001,34.29359687293596,12.289619933079171
2011-03-31,7.390697067430346,4.291205976873088,7.843727163283112,3.691041847865619,6.175405474945171,35.51101956192519,12.290848895072479
2011-04-30,7.605027282385826,4.270608188184097,7.645280866052049,3.7290595788986343,6.122296987860642,35.53587727561853,12.290848895072479
2011-05-31,7.508443435899525,4.239859809229172,7.485494495951561,3.8028949585608274,6.034135911235449,35.32621559969238,12.290848895072479
2011-06-30,7.377045675771284,4.242827711095631,7.460792364114921,3.8884600951284463,5.946640940522535,35.944424372687,12.290848895072479
2011-07-31,7.202947397823082,4.186398102538059,7.374247172691187,3.9876158275542215,5.841980059969339,35.95520769999881,12.290848895072479
2011-08-31,6.77149084869348,4.052433363256842,7.197265240546598,4.110434395042891,5.8267909118134185,35.84734207689881,12.292077979961986
2011-09-30,6.257534693277645,3.899251382125733,7.09866270675111,4.1909989091857325,5.840192530910589,34.92248065131482,12.292077979961986
2011-10-31,6.9677648809646575,4.039234506744047,7.083045648796258,4.113884529256715,5.79113491365094,34.416104681870756,12.292077979961986
2011-11-30,6.948255139297956,4.027924650125163,7.053296857071314,4.184643343159931,5.879160164338435,35.78586564820921,12.292077979961986
2011-12-31,6.9996722273287615,4.0114101590596505,7.173908233327232,4.223142061917002,6.02378750438116,36.45506133583072,12.292077979961986
2012-01-31,7.353155674808864,4.097254336463528,7.0942778519373,4.145013933771539,5.939454479319824,33.55688395963218,12.292077979961986
2012-02-29,7.678165155635416,4.032517717947403,7.102081557574432,4.13755290869075,5.9388605338718925,33.46292468454521,12.292077979961986
2012-03-31,7.916956091975676,4.013161632901256,7.165290083436844,4.116451388856427,5.986371418142867,33.96152226234493,12.292077979961986
2012-04-30,7.849661965193883,3.988681346940558,7.132329749053034,4.164202224967162,6.027078743786238,35.265644717218976,12.292077979961986
2012-05-31,7.363767889548383,3.9842937974589234,7.095241634357958,4.251650471691471,6.169317802139594,37.607283526442316,12.293307187759982
2012-06-30,7.650218460451814,4.022543017914529,7.124332125058825,4.196379015559482,6.191527346227297,37.182321222593515,12.293307187759982
2012-07-31,7.710655186289383,3.9135321021290457,7.106521294746179,4.227432220274623,6.202052942715883,38.32010025200488,12.293307187759982
2012-08-31,7.9072768935397635,3.9299689369579873,7.201748680095778,4.166134453080641,6.159878982705416,37.38508980585596,12.29453651847876
2012-09-30,8.1231455527334,3.9566927257293014,7.314816134373283,4.12114020098737,6.259053034326972,37.000023380855644,12.295765972130607
2012-10-31,7.980178191005292,3.9258305224686127,7.58107544166447,4.061383668073053,6.399881727599329,37.04442340891268,12.29699554872782
2012-11-30,8.042423580895134,3.937608014036018,7.519668730586988,4.077629202745346,6.458120651320484,37.17407889084387,12.298225248282693
2012-12-31,8.137324179149697,4.0120288055012985,7.784361069903649,4.007086217537851,6.514306300986972,36.08859578723123,12.29945507080752
2013-01-31,8.590573135928336,4.034897369692656,7.858312500067734,3.9297494535393707,6.608112311721184,35.39930360769511,12.29945507080752
2013-02-28,8.70139152938181,4.020775228898732,7.866956643817809,3.9045990570367186,6.639170439586273,35.884274067120536,12.29945507080752
2013-03-31,9.052057608015897,4.057364283481711,7.846502556543883,3.9213888329819766,6.720832235993184,36.58401741142939,12.29945507080752
2013-04-30,9.192364500940144,3.9640449049616318,7.891227621116183,3.9300158884145366,6.749059731384355,36.68645266018139,12.29945507080752
2013-05-31,9.44975070696647,4.046893443475329,8.087719188881975,3.866349631022221,6.695742159506419,35.982072769105905,12.29945507080752
2013-06-30,9.33635369848287,4.101526504962247,8.07720515393643,3.851270867461235,6.697750882154271,36.208759827551276,12.29945507080752
2013-07-31,9.863857682447152,4.1753539820515675,8.126476105375442,3.7919612961023317,6.734588512006119,36.84603400051618,12.29945507080752
2013-08-31,9.596547139252834,4.173683840458747,7.9013727172565416,3.8204010058230993,6.591141776700389,36.864457017516436,12.29945507080752
2013-09-30,9.958336966402667,4.2867906725351785,7.806556244649463,3.799770840391655,6.5047978194256135,37.96301783663843,12.29945507080752
2013-10-31,10.3745954515983,4.222060133379897,7.892428363340606,3.9095842176789732,6.561389560454616,38.016166061609724,12.29945507080752
2013-11-30,10.698282829688166,4.28032456322054,7.912948677085292,3.9220948871755463,6.56795095001507,38.18723880888697,12.29945507080752
2013-12-31,10.998904577202403,4.258922940404437,7.888418536186327,3.9036610412058215,6.573205310775082,38.210151152172294,12.29945507080752
2014-01-31,10.633740945239284,4.284902370340904,7.720395221365559,3.7615677793059294,6.479208474830998,38.84061864618314,12.29945507080752
2014-02-28,11.12820989919291,4.290472743422348,7.691829759046506,3.7438884107431916,6.45458748262664,39.65238757588836,12.29945507080752
2014-03-31,11.176061201759438,4.2411323068729905,8.078728795926546,3.818391790116981,6.579161021041335,38.36368497967199,12.29945507080752
2014-04-30,11.154826685476095,4.067245882291198,8.167594812681736,3.9524173419500865,6.651531792272789,36.86750126546478,12.29945507080752
2014-05-31,11.384616115196902,3.9911883842923523,8.138191471356082,3.966250802646912,6.577699789378561,37.24354977837252,12.29945507080752
2014-06-30,11.681754595803541,4.112121392336411,8.084479407645132,3.887719036754503,6.454039033338244,37.50425462682112,12.29945507080752
2014-07-31,11.44344680204915,3.9381786574405804,8.082862511763603,3.9297064023514516,6.483082208988265,37.406743564791384,12.29945507080752
2014-08-31,11.928648946456034,3.950780829144391,8.038406767948903,3.9084859877787537,6.438997249967145,37.6910348158838,12.29945507080752
2014-09-30,11.693654562210849,3.8026265480514763,7.942749727410311,3.9483525448540973,6.407446163442306,37.87572088648163,12.29945507080752
2014-10-31,11.988334657178562,3.9486474074966527,7.809311531989818,3.9234779238215163,6.393990526499077,37.88708360274757,12.29945507080752
2014-11-30,12.294037190936615,3.859407976087229,7.576594048336521,3.9787989625474,6.405499709446776,38.2735318554956,12.29945507080752
2014-12-31,12.286660768622053,3.971330807393758,7.737217842161256,3.92508517655301,6.463149206831796,38.67157658679275,12.29945507080752
2015-01-31,11.904545618717908,3.9383687616923897,7.4687363830382605,3.979643860507097,6.353275670315655,40.12562786645616,12.29945507080752
2015-02-28,12.634294265145314,3.947427009844282,7.339527243611698,3.937857599971773,6.2516232595906045,38.97000978390222,12.29945507080752
2015-03-31,12.492790169375686,4.069797247149455,7.3064993710154464,3.942189243331742,6.2172393316628565,40.14690407937607,12.29945507080752
2015-04-30,12.566497631375004,3.9460754108361114,7.44093895944213,3.9461314325750734,6.18490968713821,37.1720184870943,12.29945507080752
2015-05-31,12.737401999161705,3.9776440141228,7.342718565177494,3.877468745648267,6.140378337390815,39.37631918337899,12.29945507080752
2015-06-30,12.54251974857453,4.091802397328125,7.283976816656074,3.8941418612545546,6.046430548828735,40.57729691847205,12.29945507080752
2015-07-31,12.735674552702578,3.9080804696880915,6.977321392674853,3.8820700214846653,5.888014068449423,44.732412122923584,12.29945507080752
2015-08-31,11.966439809719343,3.9241035996138125,7.166406802416341,3.90613885561787,5.955726230236592,43.761718779856146,12.29945507080752
2015-09-30,11.597873463579987,3.8142286988246257,7.207971961870356,3.959262344054274,5.925352026462385,46.059209015798594,12.29945507080752
2015-10-31,12.496708657007435,3.7341298961493083,7.2000431927122985,3.995291631385168,5.952016110581465,44.25829394328086,12.29945507080752
2015-11-30,12.566690225486676,3.858849834680696,7.159002946513838,3.8850215823589376,5.89249594947565,45.28066053337065,12.29945507080752
2015-12-31,12.293993047593615,3.7446278795741472,6.982891474029598,3.8838560758842298,5.902513192589759,46.815674925451916,12.3006850163146
2016-01-31,11.584629648747464,3.615063754940882,7.140704821342667,3.971242837591625,6.077817834409676,47.4664128069157,12.301915084816232
2016-02-29,11.57652040799334,3.6501298733638086,7.106429438200222,4.098719732678316,6.203628663581956,45.51079659927077,12.304375467833195
2016-03-31,12.382246228389675,3.689916288983474,7.185310804964245,4.14339577776451,6.20548975218103,43.20795029134767,12.306836342926761
2016-04-30,12.496162893690862,3.732719317935682,7.418833406125583,4.019922583587127,6.324014606447687,40.55066134842979,12.308067026561053
2016-05-31,12.71859459319856,3.7050971949829585,7.286036288155935,3.970879528067364,6.156428219376823,41.31706884791511,12.30929783326371
2016-06-30,12.71223529590196,3.721399622640883,7.177474347462411,4.016941730592945,6.27401599836692,43.08543939460587,12.311759692830362
2016-07-31,13.21436859009009,3.8296923516597325,7.107135098857279,4.074383997340425,6.210021035183578,41.71963096579687,12.314222044768929
2016-08-31,13.280440433040539,3.887903675404961,7.3331419950009415,4.023861635773404,6.175244917386549,40.40129062727769,12.316684889177882
2016-09-30,13.313641534123139,3.9547756186219267,7.234877892267929,3.9494201955115957,6.172157294927857,40.191203916015844,12.319148226155717
2016-10-31,13.044705975133851,3.7977710265626365,7.535125324797049,4.003132310170554,6.185736040976698,40.424312898728736,12.321612055800948
2016-11-30,13.678678685525357,4.06475432972999,8.17108990220992,3.975911010461394,6.422649731346105,38.74266148214162,12.322844217006528
2016-12-31,13.926262769733366,4.077761543585126,8.458712266767709,4.013682165060778,6.409162166910279,38.6264334976952,12.32654107027163
2017-01-31,14.196432267466195,4.0267895242903124,8.231172906791656,4.017695847225838,6.348275126324631,38.28652088291548,12.331471686699738
2017-02-28,14.703244899414738,3.9474617706617927,8.083011794469407,4.03818609604669,6.2435285867402746,37.62416407164104,12.336404275374417
